clip,method,a,b,a_std,b_std,chroma,sharp,uciqe,uiqm,secs_per_frame
ALG_2020-01-27_12-00-40_track_manual_982-1162_20,fusion,0.1101869676933914,0.05838588026703381,0.01649270749325704,0.0314295257958557,6.060749022687068,15.682269986610732,0.1410545305717915,-0.9275653233821158,1.622016968648078
ALG_2020-01-27_12-00-40_track_manual_982-1162_20,fusion_us,0.11521286260886271,0.05832759669569672,0.01683167275868863,0.030638372093659345,6.169842759116751,40.9966393889578,0.1425267465392008,-0.9684400796511083,1.793237047300813
ALG_2020-01-27_12-00-40_track_manual_982-1162_20,gw,-25.94748375064037,-7.909651584312564,0.12164036837986784,0.027451231225509454,28.264265810857054,2.953168834879591,0.3835612614513383,-0.9759025854080033,0.18499805518935397
ALG_2020-01-27_12-00-40_track_manual_982-1162_20,neutral,-0.11654462970671106,-0.36940089991835295,0.010191041179973027,0.012769373116265994,3.571630751500364,38.283518205580464,0.15964923862166258,-1.112876188499004,0.31014308481585257
ALG_2020-01-27_12-00-40_track_manual_982-1162_20,orig,8.385023023261398,-56.733024347023886,0.3520491737353157,0.13491698358024187,57.918431766697616,2.659577716313659,0.3803313911342431,-0.9732097486670355,0.04647843613808985
ALG_2020-01-27_12-00-40_track_manual_982-1162_20,rc_gw,0.2568777115618596,-0.25605010986328125,0.013202608908869526,0.01540937455587218,7.0001485934023,5.634526736869246,0.1671119249759745,-0.936254074919659,0.2040773386454714
ALG_2020-01-27_12-00-40_track_manual_982-1162_20,rc_gw_cl,0.2550021312275871,-0.2532084730804944,0.013188044205131087,0.015551244881891482,7.002136504063841,37.64276629495103,0.18058260787795316,-1.074128806563508,0.20150636704587147
ALG_SC_11_2024-07-28_12-00-40_track10053_2230-23,fusion,-0.4226652333434199,1.4190216064453125,0.012296482852472585,0.03886302661067756,6.394561411629261,18.0069993326488,0.13749167262339385,-0.8445246299455449,1.8226795806703975
ALG_SC_11_2024-07-28_12-00-40_track10053_2230-23,fusion_us,-0.4150899967677157,1.4239961865922095,0.012918462980601352,0.03972161529071344,6.4178922612902145,46.47737518503589,0.13942328829683967,-0.8856704256831713,1.8289155372511154
ALG_SC_11_2024-07-28_12-00-40_track10053_2230-23,gw,-20.45652556083572,-5.177950147172095,0.033340385279889764,0.04652234681469308,27.96061666246871,1.0071135029262162,0.35238583974881477,-0.760472983385106,0.18500859251519516
ALG_SC_11_2024-07-28_12-00-40_track10053_2230-23,neutral,-0.5954104141450264,0.8551865698586048,0.01360017028092235,0.028189145649456238,3.896571525385682,16.991270536950374,0.16180560041087874,-0.9230209539461611,0.36104715717912284
ALG_SC_11_2024-07-28_12-00-40_track10053_2230-23,orig,-59.887043912645794,41.664052184198944,0.04397316734855481,0.12132437002479124,73.26139874525474,1.7405967378706577,0.41971450288388623,-0.758837123629354,0.04910039675744224
ALG_SC_11_2024-07-28_12-00-40_track10053_2230-23,rc_gw,-0.6638534975723481,2.1994429037604535,0.02707314480173143,0.05231659094667144,7.7257529648256975,2.352789308527037,0.1704605037395647,-0.7687042266372545,0.2650626869563243
ALG_SC_11_2024-07-28_12-00-40_track10053_2230-23,rc_gw_cl,-0.6803413713482064,2.203039894641285,0.02710431624005259,0.05242388334584431,7.729821211855176,16.970302411264406,0.18245022353180107,-0.8930211292988471,0.29327416080999147
ATLMAR_2025-09-27_11-00-46_track_manual_70-415_2,fusion,0.027613804258149247,-0.01780108747811153,0.012167439417937064,0.022125811781302428,2.236543030574404,16.043380321624284,0.11490704033875303,-1.0296659373622945,1.4617580444137486
ATLMAR_2025-09-27_11-00-46_track_manual_70-415_2,fusion_us,0.049185128047548494,-0.01592155982708109,0.011546660704722864,0.02208581957957112,2.8232143110242385,40.82526941519189,0.12120862465573298,-0.9288469594820007,1.4668758425409394
ATLMAR_2025-09-27_11-00-46_track_manual_70-415_2,gw,-16.04166215041588,-4.721490465361496,0.03731491761604957,0.02863802874647671,17.036615240162817,9.649946247280221,0.3840809495417313,-0.7047115200540058,0.16718870918185724
ATLMAR_2025-09-27_11-00-46_track_manual_70-415_2,neutral,-0.25140972795157596,-0.1961676498939251,0.010728872515091943,0.015996617103777748,1.4675696451088478,91.04981825621326,0.176098679172294,-0.7024558645554863,0.35574025156870054
ATLMAR_2025-09-27_11-00-46_track_manual_70-415_2,orig,-19.71950623084759,-8.551798261445144,0.18069973329487013,0.1765985548897038,22.043313240182812,9.498317655761221,0.4389744207073431,-0.706076846178634,0.05069006040606196
ATLMAR_2025-09-27_11-00-46_track_manual_70-415_2,rc_gw,0.028897778741244613,0.04477185216443292,0.019085897772411715,0.032453869465673184,2.6168544415769905,13.724611398089463,0.1675829951142754,-0.7977246714593882,0.2665940998606599
ATLMAR_2025-09-27_11-00-46_track_manual_70-415_2,rc_gw_cl,0.006319440644362877,0.05776727610620959,0.01880979928431435,0.03242959930576298,2.6416271883865883,90.83778257608357,0.18626518483351995,-0.6908777058213283,0.2893790220249595
CYM_Control_S_2026_05-11_17-00_spidercrab0000354,fusion,-0.09182643139456201,0.127777099609375,0.03732803344593374,0.03972442809482115,6.0455600295479845,43.367683701101086,0.18652378821269064,-0.9994392032391951,1.098970950277228
CYM_Control_S_2026_05-11_17-00_spidercrab0000354,fusion_us,-0.07639492966058686,0.1334686279296875,0.036532596924777776,0.04031181930113287,6.349469748068982,108.2189622272292,0.188793846131173,-1.0275181288347082,1.101753392345027
CYM_Control_S_2026_05-11_17-00_spidercrab0000354,gw,-23.570279699610914,-7.426486938957154,0.1446362156370187,0.025521337402548104,25.874911811408097,10.742039457136809,0.3626269591816354,-0.9785392234945792,0.10776490600485551
CYM_Control_S_2026_05-11_17-00_spidercrab0000354,neutral,-0.2022720096618172,-0.41651598111851007,0.025330789413675954,0.013087236647282306,3.588611054608202,33.26073313734048,0.22540130635192115,-0.9392437532304646,0.2450783842488339
CYM_Control_S_2026_05-11_17-00_spidercrab0000354,orig,-9.646579231802873,-39.504897650771255,0.2096000311517851,0.07746615327189099,41.79836065938154,3.2501488760960955,0.4338925282857632,-0.9360903649873346,0.03664636360971551
CYM_Control_S_2026_05-11_17-00_spidercrab0000354,rc_gw,0.0874753937007874,-0.3475118922436331,0.04987420176373847,0.02543435679882529,7.0757604020787035,6.35208549176625,0.230370797751079,-0.9189965063500987,0.17588771393424588
CYM_Control_S_2026_05-11_17-00_spidercrab0000354,rc_gw_cl,0.07995803712859867,-0.3440755408579909,0.04988272770588998,0.02544998136208093,7.071872290663832,33.381884525856755,0.24505708496620335,-0.9038405922795901,0.18977477613248322
CYM_Farm_S_2026-04-29_17-00_pollack00003975_trac,fusion,-0.04991098612296481,-0.004250790892528887,0.035153314497994546,0.024228632031637155,2.6506089302672056,20.237787419367628,0.1085997810080746,-1.1621970393507137,1.8508102766583474
CYM_Farm_S_2026-04-29_17-00_pollack00003975_trac,fusion_us,-0.02805277079093356,0.0012691722196691176,0.035629686811422805,0.02498974911036,3.2904986694079486,51.07824374385252,0.11595961399400642,-1.178127418133202,1.8581981518295374
CYM_Farm_S_2026-04-29_17-00_pollack00003975_trac,gw,-16.43475559779576,-4.975696339326746,0.338023205159156,0.10812814396042295,17.49411887481433,14.699970216235211,0.31486260924718046,-1.1222875455156858,0.15898599316564838
CYM_Farm_S_2026-04-29_17-00_pollack00003975_trac,neutral,-0.3406441953001904,-0.26253733915441174,0.029330061360121222,0.02097212924198306,1.6237680511314327,74.13891894763854,0.16085604426571096,-1.1012265281619211,0.3277603642324383
CYM_Farm_S_2026-04-29_17-00_pollack00003975_trac,orig,-12.823987944787289,-20.673438448865873,0.27153050290377473,0.5379036181889794,24.80822417315315,5.912737265714075,0.3963708067746685,-1.0341709937108594,0.05125042427791638
CYM_Farm_S_2026-04-29_17-00_pollack00003975_trac,rc_gw,-0.08211812251756172,-0.07209700896960347,0.05468486057134223,0.04083708362313085,3.0551399082696737,12.217761885673344,0.15161567582516078,-1.1115667003198226,0.19851658317480195
CYM_Farm_S_2026-04-29_17-00_pollack00003975_trac,rc_gw_cl,-0.10997938909450498,-0.057394011681821164,0.05512793816925199,0.04115519709115908,3.069797866484698,76.05942728984422,0.17331884031590047,-1.0852640882143905,0.22097832433293374
CYM_Farm_S_2026-05-27_08-00_wrassepollack0000488,fusion,-0.005899689414284446,0.07393611561168324,0.0363314786499328,0.0211278420372802,7.527501702308655,40.81053326701076,0.18726980295344522,-0.9941566840657154,1.8159803079284784
CYM_Farm_S_2026-05-27_08-00_wrassepollack0000488,fusion_us,0.009876251220703125,0.07636451721191406,0.03615658854166982,0.021131223848062104,7.781889855861664,97.44086913047958,0.1901285240701914,-0.9725072495358116,1.8220126273977848
CYM_Farm_S_2026-05-27_08-00_wrassepollack0000488,gw,-23.514799464832652,-7.515467817133123,0.058060618162482355,0.017052078806801672,26.537805448878895,29.830526999363666,0.3506311265659972,-1.0055011130189355,0.1525347642316163
CYM_Farm_S_2026-05-27_08-00_wrassepollack0000488,neutral,-0.14992731267755682,-0.46667055650190875,0.024087708390991808,0.012079526216154213,4.34835527159951,97.77744708530199,0.21802976659777568,-0.9239722740154901,0.32770039471051166
CYM_Farm_S_2026-05-27_08-00_wrassepollack0000488,orig,-5.759249860590154,-43.42705535888672,0.14566707307234794,0.17260894918265765,45.24201835285533,10.35793996292431,0.40697126926002686,-1.0027093043584931,0.045925440679069694
CYM_Farm_S_2026-05-27_08-00_wrassepollack0000488,rc_gw,0.22600676796653055,-0.4639433947476474,0.04652880507356812,0.022151967191538977,8.586629141460765,19.87179862050073,0.21893171092968622,-0.957435102820731,0.22336058034241654
CYM_Farm_S_2026-05-27_08-00_wrassepollack0000488,rc_gw_cl,0.2147197723388672,-0.46112520044500177,0.04714346420556444,0.022236426163601983,8.584010297601873,99.560281984418,0.24252756228696265,-0.8743847686801557,0.2585061197062485
CYM_Farm_S_2026-06-02_14-00_wrasses00000605_trac,fusion,-0.23094402904241856,0.7812760044151629,0.01095866782196904,0.024842238243881747,3.691063014554306,33.67435310135843,0.12571266631393624,-0.9947147533148385,1.210632464332038
CYM_Farm_S_2026-06-02_14-00_wrasses00000605_trac,fusion_us,-0.23268825907102772,0.7890407938352773,0.010686301078162682,0.02588185703116241,3.8351285021070023,83.5553256201767,0.12818703587936697,-1.0117829550345776,1.2166342927381326
CYM_Farm_S_2026-06-02_14-00_wrasses00000605_trac,gw,-21.010594220228597,-5.710415799852828,0.09448911500268883,0.03959157517111671,23.963816763649525,7.999591523143067,0.3510726412298568,-0.9482728211066116,0.1397056161509871
CYM_Farm_S_2026-06-02_14-00_wrasses00000605_trac,neutral,-0.4657228496712698,0.3690991468832526,0.009074089384662731,0.01525885937808286,2.266113734581101,56.77223769103862,0.1665765249761621,-1.0244148107719677,0.2542447546647058
CYM_Farm_S_2026-06-02_14-00_wrasses00000605_trac,orig,-55.65142639589981,33.86010398327465,0.1040528117193443,0.08969224851876263,65.30421093148244,6.944333245677041,0.4302750953251286,-0.9413177952997003,0.04929132371152182
CYM_Farm_S_2026-06-02_14-00_wrasses00000605_trac,rc_gw,-0.3994284616389745,1.2540102676606515,0.018811932678307254,0.029272306612096736,4.480711446681493,9.320959191485073,0.15685066820813978,-0.9645841843720697,0.20021436903714004
CYM_Farm_S_2026-06-02_14-00_wrasses00000605_trac,rc_gw_cl,-0.4129544110365317,1.2592315673828125,0.0183599391270932,0.029148554554561525,4.489424812961632,56.902511426329944,0.17777685850544472,-1.0070538820144068,0.21001384156575134
NORF-1_2026-06-13_11-01_track_manual_9473-9601_2,fusion,-0.17458397233989878,0.6222587907818001,0.013439341126404984,0.02318539904869021,2.6631025529243577,27.021928573582706,0.11142981225850529,-0.9168889122897754,1.1468139802110138
NORF-1_2026-06-13_11-01_track_manual_9473-9601_2,fusion_us,-0.18003684030452244,0.6306326422892826,0.01226117851208739,0.02319856565389035,2.8683468556739915,67.35275924446826,0.11525729216434416,-0.9234239943851847,1.1507223522493624
NORF-1_2026-06-13_11-01_track_manual_9473-9601_2,gw,-18.211535923917527,-4.758499252964073,0.16275106964930589,0.10005673542526779,24.87459822104011,6.846846405293722,0.36403108354170394,-0.8846245036177116,0.16327721021751657
NORF-1_2026-06-13_11-01_track_manual_9473-9601_2,neutral,-0.4207253254635233,0.28302775638204225,0.010465969153132249,0.02552020648858188,1.6548186742084128,44.94475051951856,0.1778776043394386,-0.9766844416891859,0.3010117024607003
NORF-1_2026-06-13_11-01_track_manual_9473-9601_2,orig,-62.67500423377668,54.19073486328125,0.30303200677802716,0.1548032804033858,82.89589282828318,5.3041958563845135,0.4259395686990105,-0.9275417334828071,0.034434945662439716
NORF-1_2026-06-13_11-01_track_manual_9473-9601_2,rc_gw,-0.31923976414640187,1.0257727394641285,0.01880994984977874,0.04508682335383843,3.269228693465112,7.600384988292201,0.14153456444096643,-0.9191827310280545,0.2269230081006814
NORF-1_2026-06-13_11-01_track_manual_9473-9601_2,rc_gw_cl,-0.3270301281566351,1.0354545485805458,0.018628124345033047,0.04528051527098976,3.2774548295518042,45.10571529554268,0.18856308683706358,-0.9618952092046792,0.23881693021946043
ALG_2020-01-27_12-00-40_track_manual_982-1162_20,mlle,0.4,-0.5,0.1,0.1,6.0,3.0,0.175,-0.82,0.578
ALG_SC_11_2024-07-28_12-00-40_track10053_2230-23,mlle,0.1,1.3,0.0,0.0,6.5,2.0,0.259,-0.86,1.56
ATLMAR_2025-09-27_11-00-46_track_manual_70-415_2,mlle,-0.45488186540274783,-0.2214306798474542,0.05964287310491918,0.07460712710267695,4.449059572713129,16.407356420220452,0.2503322013224541,-0.8587212156432285,1.0725730499091175
CYM_Control_S_2026_05-11_17-00_spidercrab0000354,mlle,-0.5889899186261995,-1.3462057038554995,0.0739368773307861,0.04523741779521093,5.050683547192671,4.091866082730847,0.23797470717177643,-0.8444455770325748,0.9301855262957122
CYM_Farm_S_2026-04-29_17-00_pollack00003975_trac,mlle,-0.7940152593019629,-0.4431424181000525,0.09521662465652848,0.06517101386757825,4.672220135937218,4.768872895129895,0.20120053294938814,-1.0218555599199448,1.1876853510235132
CYM_Farm_S_2026-05-27_08-00_wrassepollack0000488,mlle,-0.8496393723921343,-1.2764778137207031,0.10186481335317704,0.05982548929468247,5.690138898112557,14.688525782927536,0.2263669748656941,-0.8839058161820956,1.0180797103707118
CYM_Farm_S_2026-06-02_14-00_wrasses00000605_trac,mlle,-0.6991057060134243,0.31608860929247357,0.1251433319726456,0.045138879000610865,4.191152512187689,7.937701247141448,0.23742139477848503,-0.9123053005031077,1.1505127710188734
NORF-1_2026-06-13_11-01_track_manual_9473-9601_2,mlle,-0.8202489933497469,0.8402972154214349,0.02967830054998031,0.0213910550940597,3.632432074613974,12.038562196138813,0.23799143906338188,-0.8602874858403458,1.0096165037833118
ALG_2020-01-27_12-00-40_track_manual_982-1162_20,waternet,1.0397463939228997,-42.812507129106365,0.260771015151159,0.2875846292382269,45.03752342599337,6.617906216719575,0.48271626308471244,-1.0246286204739183,0.0
CYM_Farm_S_2026-05-27_08-00_wrassepollack0000488,waternet,-4.098003474148837,-34.41752832586115,0.16881663636848676,0.20164839233302403,35.587898384441026,82.75559687763999,0.42670555062434234,-0.8454770905064652,0.0
NORF-1_2026-06-13_11-01_track_manual_9473-9601_2,waternet,-26.4772114283602,12.250070921132263,0.17463017595391211,0.8684477873749529,30.457843565605057,16.666202923048438,0.359138568391148,-0.7752085391160073,0.0
ALG_2020-01-27_12-00-40_track_manual_982-1162_20,dcc,-5.087504902824026,-32.485910384381405,0.1909703817677326,0.31538877250217245,33.483476795133996,6.691351909429626,0.3221884550269333,-1.0472383826601113,0
ALG_SC_11_2024-07-28_12-00-40_track10053_2230-23,dcc,0.5993835019393706,34.26641480351837,0.17018384442545811,0.2400862678101336,36.89780576464156,2.491702040823588,0.3145019147265513,-0.5944623660464684,0
ATLMAR_2025-09-27_11-00-46_track_manual_70-415_2,dcc,-5.530429182381465,0.6334556053424704,0.14743105795109937,0.4214537258037713,7.94073170629041,30.674788316832117,0.30077739455501895,-0.7676761429601124,0
CYM_Control_S_2026_05-11_17-00_spidercrab0000354,dcc,-4.622844966377799,-33.541550884096644,0.23489878552330462,0.28421731745016776,34.26040598351186,5.652741862347483,0.3760810247020412,-1.014766600560862,0
CYM_Farm_S_2026-04-29_17-00_pollack00003975_trac,dcc,-4.318013615968849,-9.931966060349922,2.5286985050701203,1.6875671963411307,11.99721061482149,19.62315286183469,0.26350055987868615,-1.0936572588064768,0
CYM_Farm_S_2026-05-27_08-00_wrassepollack0000488,dcc,-5.77907622944225,-31.71938384662975,0.28232302972016415,0.29436362119075693,33.00188112258911,19.195558577276135,0.36219288075912137,-1.0385742227793195,0
CYM_Farm_S_2026-06-02_14-00_wrasses00000605_trac,dcc,-5.7619373160348815,23.596746740206868,0.13873112011567648,0.4730622749296607,26.505624717390035,10.802889727217538,0.27023950669816976,-0.8523789389099495,0
NORF-1_2026-06-13_11-01_track_manual_9473-9601_2,dcc,-0.44503042731486575,54.39659935319927,0.42195543732883484,0.4181862810773282,54.92989295637104,8.527667938175084,0.33267615420985097,-0.9250808029887854,0
