name,frames,a_mean,b_mean,a_std,b_std,a_range,b_range,max_da,max_db,flips,secs
ALG_2020-01-22_09-00-40_track_manual_857-1096_20260625_154637,240,-53.81,24.08,0.11,0.13,0.44,0.55,0.04,0.12,0,0.6
ALG_2020-01-23_09-00-40_track124_2470-2516_20260506_132342,169,-52.32,20.69,0.06,0.07,0.22,0.27,0.03,0.06,0,0.4
ALG_2020-01-23_09-00-40_track124_2471-2508_20260506_131608,169,-52.31,20.69,0.06,0.07,0.23,0.27,0.03,0.06,0,0.4
ALG_2020-01-23_09-00-40_track31_675-739_20260506_131118,161,-52.25,20.60,0.08,0.16,0.34,0.67,0.03,0.06,0,0.4
ALG_2020-01-23_09-00-40_track58_987-1008_20260506_132217,118,-52.29,20.66,0.05,0.09,0.20,0.40,0.03,0.07,0,0.4
ALG_2020-01-27_12-00-40_track_manual_982-1162_20260625_164314,181,8.67,-56.89,0.35,0.14,1.08,0.51,0.09,0.08,0,0.5
ALG_2020-01-29_09-00-40_track60_797-829_20260506_130527,168,-21.57,-26.91,0.30,0.26,0.94,0.88,0.12,0.13,0,0.4
ALG_2020-01-29_09-00-40_track_manual_455-574_20260816_095541,168,-22.30,-26.31,0.49,0.49,1.65,1.60,0.17,0.20,0,0.4
ALG_2020-01-30_09-00-40_track10002_196-247_20260313_112133,168,-11.81,-38.59,0.18,0.16,0.60,0.57,0.13,0.13,0,0.4
ALG_2020-02-01_09-00-41_track_manual_41-188_20260813_170623,169,-52.39,21.41,0.18,0.16,0.57,0.57,0.04,0.05,0,0.5
ALG_2020-02-10_09-00-40_track_manual_1397-2554_20260625_163934,1158,-46.25,9.08,0.15,0.19,0.62,0.88,0.05,0.11,0,2.8
ALG_SC_11_2024-07-08_12-00-41_track10002_142-438_20260312_104745,168,-51.06,20.67,0.03,0.09,0.16,0.34,0.04,0.09,0,0.4
ALG_SC_11_2024-07-08_12-00-41_track10019_18-105_20260312_104615,168,-51.19,20.96,0.09,0.20,0.61,1.24,0.17,0.32,0,0.4
ALG_SC_11_2024-07-08_12-00-41_track10040_1177-1256_20260312_105014,174,-51.06,20.78,0.03,0.07,0.14,0.29,0.04,0.09,0,0.4
ALG_SC_11_2024-07-12_15-00-39_track10001_91-506_20260311_125244,310,-51.85,23.20,0.05,0.11,0.22,0.55,0.03,0.08,0,0.7
ALG_SC_11_2024-07-14_15-00-40_track10028_715-808_20260311_124354,188,-52.06,23.20,0.02,0.05,0.11,0.21,0.05,0.09,0,0.5
ALG_SC_11_2024-07-14_15-00-40_track10084_1987-2072_20260311_124835,199,-52.02,23.10,0.02,0.03,0.09,0.15,0.03,0.07,0,0.4
ALG_SC_11_2024-07-16_15-00-39_track10004_1933-1854_20260311_130805,227,-51.42,21.07,0.04,0.07,0.20,0.30,0.05,0.10,0,0.5
ALG_SC_11_2024-07-16_15-00-39_track10015_799-1006_20260311_130433,242,-51.48,21.16,0.06,0.06,0.24,0.29,0.05,0.11,0,0.5
ALG_SC_11_2024-07-17_15-00-40_track10002_91-211_20260311_131646,215,-51.00,20.52,0.06,0.10,0.24,0.42,0.05,0.10,0,0.4
ALG_SC_11_2024-07-18_12-00-40_track10002_279-525_20260311_131417,114,-51.14,21.35,0.03,0.06,0.13,0.25,0.04,0.09,0,0.3
ALG_SC_11_2024-07-19_09-00-39_track10018_572-636_20260311_131951,166,-51.57,21.24,0.03,0.07,0.14,0.35,0.04,0.09,0,0.3
ALG_SC_11_2024-07-19_09-00-39_track10021_1760-1917_20260311_132449,252,-51.33,20.72,0.07,0.18,0.25,0.62,0.04,0.12,0,0.6
ALG_SC_11_2024-07-28_12-00-40_track10053_2230-2346_20260311_133746,211,-59.80,41.83,0.04,0.11,0.17,0.48,0.04,0.09,0,0.5
ALG_SC_11_2024-07-30_09-00-39_track10003_69-182_20260311_132740,208,-58.05,39.65,0.06,0.09,0.21,0.34,0.04,0.09,0,0.4
ALG_SC_11_2024-07-30_09-00-39_track10019_671-781_20260311_133408,205,-57.84,39.16,0.13,0.32,0.43,1.03,0.10,0.09,0,0.5
ALG_SC_14_2024-06-08_12-00-40_track10115_818-871_20260311_135752,168,-51.44,29.53,0.07,0.15,0.36,0.65,0.07,0.11,0,0.4
ALG_SC_14_2024-06-08_12-00-40_track44_871-887_20260311_135918,168,-51.53,29.67,0.18,0.25,0.62,0.87,0.11,0.13,0,0.4
ALG_SC_14_2024-06-10_09-00-39_track3_150-175_20260311_142040,168,-51.57,28.10,0.05,0.22,0.34,0.82,0.08,0.13,0,0.4
ALG_SC_14_2024-06-11_09-00-40_track182_878-899_20260311_141110,168,-49.64,23.23,0.12,0.14,0.65,0.98,0.19,0.36,0,0.3
ALG_SC_14_2024-06-13_15-00-39_track10066_1555-1615_20260311_141809,168,-48.58,22.08,0.69,0.57,2.89,2.27,0.31,0.76,0,0.4
ALG_SC_14_2024-06-13_15-00-39_trackmanual_1_0-1680_20260311_141705,168,-48.56,22.06,0.68,0.55,2.90,2.27,0.32,0.75,0,0.3
ALG_SC_14_2024-07-09_15-00-40_track10141_1333-1596_20260312_102313,168,-51.47,26.38,0.03,0.07,0.14,0.30,0.05,0.11,0,0.3
ALG_SC_14_2024-07-11_09-00-40_track10197_1900-1992_20260312_102049,187,-52.01,27.23,0.13,0.64,0.55,2.43,0.06,0.15,0,0.4
ALG_SC_14_2024-07-17_15-00-40_trackmanual_1_0-1636_20260313_100318,239,-45.89,15.92,0.06,0.05,0.27,0.25,0.06,0.09,0,0.5
ALG_anjali_2025-04-19_cuttlefish,649,-3.17,-35.45,0.22,0.26,0.83,1.05,0.14,0.18,0,1.3
ATLMAR_2025-09-08_13-00-46_track_manual_1925-2817_20260625_163744,893,-48.86,16.84,0.04,0.09,0.26,0.55,0.08,0.17,0,3.8
ATLMAR_2025-09-08_13-00-46_track_manual_41-490_20260625_161133,450,-49.40,18.03,0.23,0.56,0.84,2.04,0.12,0.25,0,2.0
ATLMAR_2025-09-08_15-00-46_track_manual_76-266_20260625_160932,191,-48.49,16.93,0.14,0.32,0.62,1.25,0.09,0.19,0,0.9
ATLMAR_2025-09-11_11-00-45_track_manual_0-219_20260625_160530,220,-28.63,2.01,2.53,0.75,9.66,2.82,3.14,0.49,1,0.8
ATLMAR_2025-09-11_11-00-45_track_manual_302-427_20260625_154825,168,-35.06,2.29,1.69,0.16,5.69,0.77,0.18,0.16,0,0.7
ATLMAR_2025-09-11_11-00-45_track_manual_967-1566_20260625_160820,600,-32.52,1.44,3.22,0.47,9.94,1.86,0.33,0.19,0,2.2
ATLMAR_2025-09-20_15-00-45_track_manual_1045-1964_20260625_154251,920,-46.91,13.54,0.07,0.13,0.37,0.72,0.10,0.23,0,4.1
ATLMAR_2025-09-21_15-00-47_track_manual_2170-2696_20260625_154121,527,-44.48,18.51,3.52,1.18,11.33,3.70,0.26,0.29,0,2.3
ATLMAR_2025-09-22_15-00-47_track_manual_367-1343_20260625_153841,977,-43.55,6.83,0.34,0.62,1.17,1.99,0.15,0.30,0,3.9
ATLMAR_2025-09-24_13-00-46_track_manual_355-895_20260625_153632,541,-51.21,21.79,0.09,0.16,0.40,0.72,0.08,0.19,0,2.6
ATLMAR_2025-09-27_11-00-46_track_manual_70-415_20260625_153352,346,-19.65,-8.59,0.18,0.18,0.70,0.83,0.12,0.18,0,1.4
ATLMAR_2025-09-27_13-00-46_track_manual_684-1251_20260625_153227,568,-32.20,7.03,0.26,0.14,0.89,0.66,0.14,0.27,0,2.5
ATLMAR_2025-09-28_13-00-47_trackmanual_5_0-824_20260619_172116,167,-46.14,10.04,0.04,0.07,0.19,0.34,0.11,0.24,0,0.8
ATLMAR_2025-09-28_13-00-47_trackmanual_6_0-1040_20260619_172234,185,-46.07,9.93,0.05,0.11,0.25,0.52,0.07,0.15,0,0.9
ATLMAR_2025-09-28_13-00-47_trackmanual_7_0-2538_20260619_172421,170,-45.76,9.20,0.06,0.10,0.23,0.43,0.08,0.16,0,0.8
ATLMAR_2025-09-30_11-00-45_track_manual_668-775_20260625_153008,168,-37.35,-4.84,0.05,0.09,0.24,0.40,0.09,0.17,0,0.7
ATLMAR_2025-10-01_13-00-46_track_manual_2531-2798_20260625_152746,268,-41.27,1.17,0.12,0.07,0.52,0.38,0.07,0.15,0,1.2
ATLMAR_2025-10-01_13-00-46_track_manual_73-362_20260625_152617,290,-43.48,4.79,0.18,0.29,0.64,1.02,0.09,0.18,0,1.3
ATLMAR_2025-10-01_13-00-46_track_manual_89-414_20260625_152515,326,-43.42,4.69,0.21,0.33,0.72,1.19,0.09,0.17,0,1.4
ATLMAR_2025-10-14_11-00-47_track_manual_2065-2344_20260625_152157,280,-33.49,-6.48,0.10,0.14,0.43,0.65,0.13,0.23,0,1.1
ATLMAR_2025-10-14_11-00-47_track_manual_2616-2803_20260625_152325,188,-33.30,-6.75,0.05,0.07,0.23,0.34,0.08,0.13,0,0.7
ATLMAR_2025-10-15_13-00-47_track_manual_1590-1962_20260625_151449,373,-29.80,-10.06,0.05,0.09,0.24,0.39,0.11,0.18,0,1.4
ATLMAR_2025-10-15_13-00-47_track_manual_2217-2484_20260625_151805,268,-29.79,-10.18,0.04,0.06,0.21,0.31,0.12,0.18,0,1.0
ATLMAR_2025-10-18_11-00-47_track_manual_1112-1245_20260625_124701,168,-43.75,15.71,0.04,0.08,0.19,0.39,0.08,0.20,0,0.8
ATLMAR_2025-10-18_11-00-47_track_manual_140-896_20260625_121542,757,-44.23,16.79,0.46,0.61,1.75,2.49,0.11,0.21,0,3.1
CYM_Control_S_2026-04-27_17-00_dragonets00002700_track_manual_42-218_20260826_103116,211,-22.85,-25.66,0.07,0.07,0.31,0.42,0.10,0.13,0,4.2
CYM_Control_S_2026-04-27_17-00_dragonets00002700_track_manual_76-276_20260826_104440,0,,,,,,,,,,
CYM_Control_S_2026-04-27_17-00_dragonets00002700_track_manual_91-273_20260826_131210,211,-22.86,-25.62,0.09,0.08,0.42,0.42,0.08,0.10,0,7.1
CYM_Control_S_2026-04-27_17-00_dragonets00002700_track_manual_94-196_20260826_110828,211,-22.85,-25.64,0.08,0.08,0.31,0.42,0.10,0.11,0,7.3
CYM_Control_S_2026-04-27_17-00_dragonets00004760_track_manual_162-421_20260826_131729,260,-7.63,-28.82,0.07,0.05,0.33,0.26,0.14,0.13,0,9.4
CYM_Control_S_2026-04-27_17-00_dragonets00004760_track_manual_173-297_20260826_104633,211,-22.96,-25.32,0.10,0.06,0.38,0.25,0.11,0.13,0,3.8
CYM_Control_S_2026_05-11_08-00_seagooseberry00001015_track_manual_17-97_20260826_132727,211,-6.74,-43.41,0.08,0.07,0.38,0.28,0.10,0.11,0,3.1
CYM_Control_S_2026_05-11_17-00_spidercrab00003545_track_manual_245-624_20260826_124813,380,-9.33,-39.86,0.21,0.08,0.97,0.39,0.15,0.14,0,0.4
CYM_Control_S_2026_05-11_17-00_spidercrab00003545_track_manual_294-801_20260826_134625,0,,,,,,,,,,
CYM_Control_S_2026_05-11_17-00_spidercrab00003545_track_manual_295-1036_20260826_105049,742,-9.38,-40.04,0.14,0.19,0.71,0.90,0.14,0.15,0,3.6
CYM_Control_S_2026_05-16_14-00_gobies00000735_track_manual_14-69_20260826_135214,211,-17.84,-31.59,0.08,0.05,0.34,0.26,0.09,0.10,0,4.6
CYM_Control_S_2026_05-16_14-00_gobies00000735_track_manual_8-60_20260826_111320,211,-17.84,-31.59,0.08,0.06,0.32,0.27,0.08,0.11,0,3.2
CYM_Control_S_2026_05-30_08-00_spidercrab00003420_track_manual_20-275_20260826_135537,256,-18.40,-30.19,0.20,0.11,0.74,0.46,0.12,0.15,0,2.9
CYM_Control_S_2026_05-31_17-00_scorpionfish00006050_track_manual_9-226_20260826_130943,218,-22.23,-25.51,0.29,0.17,0.96,0.70,0.15,0.14,0,2.5
CYM_Control_S_2026_06-02_11-00_brittlestargoby00004460_track_manual_4-92_20260826_135910,211,-27.79,-18.47,4.58,6.44,16.57,23.80,1.78,2.39,0,3.0
CYM_Control_S_2026_06-02_17-00_dragonet00005355_track_manual_0-53_20260826_140448,211,-21.86,-26.90,0.18,0.12,0.78,0.50,0.14,0.12,0,4.1
CYM_Control_S_2026_06-07_08-00_dragonet00003015_track_manual_33-129_20260826_140835,211,-19.03,-30.03,0.18,0.15,0.74,0.58,0.13,0.11,0,4.2
CYM_Control_S_2026_06-12_17-00_bigjelly00008375_track_manual_22-156_20260826_141100,211,-30.14,-4.44,6.36,10.96,20.35,37.43,1.59,3.47,1,3.2
CYM_Farm_S_2026-04-28_11-00_pollackcrab00008340_track_manual_133-377_20260826_141431,245,-9.20,-36.75,0.16,0.09,0.61,0.34,0.12,0.13,0,1.6
CYM_Farm_S_2026-04-29_08-00_pollack00002795_track_manual_22-238_20260826_141803,217,-16.14,-25.09,3.43,5.23,17.14,26.53,0.86,1.45,0,2.7
CYM_Farm_S_2026-04-29_17-00_pollack00003975_track_manual_18-373_20260826_142217,356,-12.67,-20.81,0.27,0.55,1.23,2.19,0.28,0.33,0,0.5
CYM_Farm_S_2026-05-04_14-00_wrasse00003290_track_manual_9-121_20260826_142607,211,-14.23,-35.32,0.15,0.04,0.49,0.21,0.07,0.10,0,4.2
CYM_Farm_S_2026-05-09_17-00_wrasse00003850_track_manual_30-230_20260826_142935,211,-17.25,-31.82,0.22,0.30,1.00,1.13,0.15,0.15,0,2.5
CYM_Farm_S_2026-05-10_11-00_dragonet00007030_track_manual_130-246_20260826_143215,211,-11.29,-38.76,0.21,0.17,0.74,0.73,0.17,0.13,0,2.6
CYM_Farm_S_2026-05-10_17-00_octopus00009640_track_manual_12-105_20260826_143609,211,-26.89,-18.57,3.94,5.47,18.14,25.31,2.05,2.53,0,0.6
CYM_Farm_S_2026-05-17_11-00_wrasse00008215_track_manual_42-192_20260826_143827,211,-21.37,-24.74,0.15,0.30,0.64,1.07,0.09,0.14,0,0.6
CYM_Farm_S_2026-05-17_17-00_wrasse00000095_track_manual_148-325_20260826_144046,211,-26.81,-20.06,0.09,0.15,0.40,0.57,0.13,0.14,0,0.7
CYM_Farm_S_2026-05-24_11-00_fishpollack00002535_track_manual_58-190_20260826_144713,211,-24.34,-23.33,0.22,0.11,0.76,0.44,0.10,0.10,0,0.6
CYM_Farm_S_2026-05-24_11-00_fishpollack00002535_track_manual_75-177_20260826_144441,211,-24.34,-23.32,0.22,0.11,0.77,0.45,0.08,0.11,0,0.6
CYM_Farm_S_2026-05-24_11-00_fishpollack00007765_track_manual_66-187_20260826_144921,211,-23.14,-25.14,0.05,0.10,0.26,0.44,0.08,0.10,0,0.7
CYM_Farm_S_2026-05-24_17-00_crab00007150_track_manual_151-935_20260826_145224,785,-18.40,-29.84,0.24,0.17,1.23,0.79,0.18,0.16,0,0.8
CYM_Farm_S_2026-05-25_11-00_pollack00002450_track_manual_25-159_20260826_145359,211,-16.85,-32.62,0.80,0.41,4.08,1.59,0.47,0.15,0,0.6
CYM_Farm_S_2026-05-25_11-00_wrasse00008360_track_manual_81-220_20260826_145658,211,-18.00,-31.21,0.14,0.08,0.57,0.33,0.08,0.11,0,0.7
CYM_Farm_S_2026-05-26_11-00_pollack00004345_track_manual_112-369_20260826_145914,258,-17.75,-30.70,4.66,5.92,15.74,20.24,2.00,2.54,0,0.4
CYM_Farm_S_2026-05-27_08-00_wrassepollack00004885_track_manual_96-357_20260826_151939,262,-5.43,-43.78,0.15,0.17,0.59,0.67,0.14,0.11,0,0.3
CYM_Farm_S_2026-05-27_08-00_wrassepollack00006095_track_manual_108-168_20260826_153241,211,-7.83,-42.17,0.33,0.17,1.08,0.62,0.12,0.11,0,0.8
CYM_Farm_S_2026-05-27_08-00_wrassepollack00008345_track_manual_70-225_20260826_153417,211,-7.23,-43.25,0.18,0.13,0.99,0.63,0.19,0.15,0,0.8
CYM_Farm_S_2026-05-28_14-00_shark00002500_track_manual_11-96_20260826_153554,211,-15.41,-34.34,0.12,0.12,0.56,0.53,0.09,0.11,0,0.7
CYM_Farm_S_2026-05-29_14-00_pollackcrab00000000_track_manual_109-391_20260826_153857,283,-45.43,19.39,0.07,0.25,0.35,1.08,0.09,0.17,0,2.4
CYM_Farm_S_2026-05-30_17-00_wrasse00004815_track_manual_42-140_20260826_154221,211,-17.47,-32.02,0.06,0.05,0.28,0.24,0.08,0.11,0,4.0
CYM_Farm_S_2026-06-02_14-00_wrasses00000605_track_manual_58-148_20260826_154530,211,-55.46,33.63,0.10,0.09,0.43,0.38,0.05,0.09,0,0.6
CYM_Farm_S_2026-06-02_14-00_wrasses00004490_track_manual_48-163_20260826_154854,211,-55.01,32.73,0.12,0.10,0.49,0.42,0.09,0.09,0,0.6
CYM_Farm_S_2026-06-07_14-00_wrasse00004840_track_manual_55-260_20260826_155035,211,-17.03,-32.08,0.11,0.06,0.45,0.33,0.09,0.11,0,0.7
CYM_Farm_S_2026-06-07_17-00_wrasse00005760_track_manual_39-174_20260826_155226,211,-12.18,-37.67,0.28,0.10,1.00,0.45,0.12,0.11,0,0.8
CYM_Farm_S_2026-06-09_08-00_wrasses00002775_track_manual_62-133_20260826_155524,211,-9.73,-40.18,1.52,1.68,7.62,8.56,0.65,0.73,0,3.7
CYM_Farm_S_2026-06-09_14-00_moonjelly00005525_track_manual_48-199_20260826_155808,211,-52.74,26.06,0.07,0.04,0.25,0.16,0.05,0.12,0,2.8
CYM_Farm_S_2026-06-10_08-00_goldsinnys00004265_track_manual_86-314_20260826_160036,229,-33.97,1.81,9.98,16.65,31.44,49.98,2.30,3.50,4,2.5
CYM_Farm_S_2026-06-10_08-00_goldsinnys00004765_track_manual_17-243_20260826_160303,227,-43.49,17.71,0.04,0.04,0.20,0.22,0.06,0.10,0,3.8
CYM_Farm_S_2026-06-10_14-00_dragonetseagooseberry00003130_track_manual_69-259_20260826_160452,211,-54.00,28.86,0.22,0.08,0.69,0.36,0.06,0.11,0,2.9
CYM_Farm_S_2026-06-12_11-00_crabwrasse00000465_track_manual_474-639_20260828_093947,211,-52.94,26.32,0.33,0.23,0.97,0.91,0.09,0.14,0,4.6
CYM_Farm_S_2026-06-12_11-00_crabwrasse00000465_track_manual_495-624_20260828_094150,211,-52.95,26.32,0.33,0.23,0.95,0.90,0.10,0.13,0,2.7
CYM_Farm_S_2026-06-13_14-00_moonjelly00009000_track_manual_24-204_20260828_094506,211,-52.92,26.50,0.07,0.07,0.38,0.37,0.05,0.12,0,3.1
CYM_Farm_S_2026-06-14_14-00_wrasse00004650_track_manual_36-243_20260828_094655,211,-53.27,27.70,0.06,0.11,0.25,0.50,0.05,0.10,0,3.0
CYM_Farm_S_2026-06-15_08-00_wrasse00007270_track_manual_86-353_20260828_094841,268,-18.71,-28.59,0.14,0.14,0.85,0.71,0.19,0.14,0,5.0
EXO_3_2023-07-23_seal,151,-40.11,5.54,17.35,31.44,41.18,72.92,1.88,5.28,8,1.7
KEL33_2026-04-23_08-01_velvetcrab_track_manual_0-696_20260629_112902,697,-17.68,13.83,0.43,0.63,1.80,2.48,0.21,0.19,0,23.1
KEL33_2026-04-23_08-01_velvetcrab_track_manual_162-376_20260706_101032,215,-17.60,13.23,0.26,0.43,0.93,1.57,0.16,0.16,0,6.1
KEL33_2026_04-11_11-01_twostarandcrab_track_manual_0-738_20260629_112651,739,-8.16,-14.94,1.38,2.71,5.23,10.16,0.40,0.83,0,16.7
KEL33_2026_04-11_11-01_twostarandcrab_track_manual_0-738_20260629_112752,739,-8.16,-14.94,1.38,2.71,5.23,10.16,0.40,0.83,0,17.4
KEL33_2026_04-15_14-01_twospotgobyandstar_track_manual_0-84_20260629_112557,85,-8.50,-7.82,0.08,0.07,0.38,0.39,0.22,0.19,0,1.3
KEL33_2026_04-28_08-01_goldsinny_track_manual_0-193_20260629_112409,194,-16.66,10.73,2.09,0.51,5.95,2.06,0.35,0.26,0,16.7
KEL33_2026_05-01_14-01_wrasse_track_manual_0-222_20260629_112318,223,-19.32,21.43,0.19,0.25,0.70,1.16,0.12,0.12,0,5.4
KEL33_2026_05-06_08-01_urchin_track_manual_0-325_20260629_112136,326,-14.27,-0.05,0.09,0.09,0.46,0.53,0.16,0.14,0,7.0
KEL37_2026_04_05_14-01_bird_track_manual_0-115_20260629_111920,116,-10.66,-1.73,0.14,0.27,0.56,0.85,0.19,0.16,0,2.9
KEL37_2026_04_09_14-01_spidercrab_track_manual_0-435_20260629_111810,436,-4.65,-17.48,0.12,0.12,0.68,0.68,0.19,0.17,0,14.5
KEL37_2026_04_14_14-01_stickleback_track_manual_0-336_20260629_111708,337,-8.01,-1.58,0.19,0.41,0.94,1.69,0.25,0.34,0,18.0
KEL37_2026_05_10_11-01_twospotgoby_track_manual_9-422_20260629_111604,414,-17.60,11.80,0.46,1.00,1.86,3.75,0.24,0.38,0,10.0
KEL37_2026_05_12_11-01_twocrab_track_manual_12-539_20260629_111454,528,-13.67,2.90,0.26,0.70,1.35,3.51,0.19,0.23,0,11.5
META_2023-10-01-BRUV1_EXOMATT_D1_OCT23 (5)_trackmanual_1_0-496_20260619_171422,185,-35.15,15.85,0.59,0.42,1.82,1.34,0.28,0.40,0,4.2
META_2023-10-01-BRUV1_EXOMATT_D1_OCT23 (5)_trackmanual_2_0-8569_20260619_171646,299,-9.83,-20.30,0.17,0.17,0.66,0.71,0.23,0.12,0,8.4
META_2023-10-01-BRUV1_EXOMATT_D1_OCT23 (5)_trackmanual_3_0-15726_20260619_171827,299,-15.72,-17.37,0.12,0.05,0.51,0.23,0.07,0.09,0,8.2
META_2023-10-01-BRUV1_EXOREEF_D1_OCT23 (2)_track_manual_27-463_20260625_150945,0,,,,,,,,,,
META_2023-10-01-BRUV1_EXOREEF_D1_OCT23 (2)_track_manual_8470-9020_20260625_151142,551,-21.62,-10.89,0.15,0.14,0.69,0.67,0.20,0.19,0,18.7
NORF-1_2026-06-11_17-01_track_manual_7875-8180_20260825_144726,306,-37.60,-4.10,0.06,0.12,0.37,0.58,0.14,0.26,0,1.6
NORF-1_2026-06-13_08-01_track_manual_1178-1599_20260825_143459,422,-32.97,-12.26,0.14,0.29,0.53,1.26,0.12,0.17,0,5.7
NORF-1_2026-06-13_11-01_track_manual_9473-9601_20260825_144346,211,-62.56,54.14,0.31,0.16,1.08,0.55,0.14,0.12,0,0.7
NORF-1_2026-06-13_14-01_track_manual_1709-1859_20260825_143225,211,-36.96,-6.30,0.10,0.26,0.39,1.02,0.07,0.10,0,2.1
NORF-1_2026-06-13_17-01_track_manual_1967-2255_20260825_142757,289,-34.57,-9.90,0.14,0.41,0.59,1.45,0.13,0.19,0,3.6
NORF-1_2026-06-14_08-01_track_manual_4636-4831_20260825_143019,211,-40.61,-0.50,0.10,0.27,0.44,1.07,0.13,0.17,0,6.2
NORF-1_2026-06-14_11-01_track_manual_5626-5867_20260825_142407,242,-61.97,52.50,0.25,0.08,0.78,0.35,0.09,0.07,0,2.8
NORF-1_2026-06-14_17-01_track_manual_9656-9757_20260825_141949,211,-37.08,-5.59,0.18,0.21,0.73,0.81,0.16,0.17,0,1.1
NORF-1_2026-06-15_08-01_track_manual_6252-6582_20260825_141609,331,-40.63,15.65,0.75,0.36,2.75,1.90,0.23,0.33,0,11.5
NORF-1_2026-06-15_17-01_track_manual_228-542_20260825_140530,315,-46.16,9.20,0.33,0.71,1.15,2.62,0.21,0.29,0,4.0
NORF-1_2026-06-16_08-01_track_manual_8543-9030_20260825_141208,488,-29.23,6.04,0.51,0.41,2.15,1.83,0.25,0.33,0,7.0
NORF-1_2026-06-18_08-01_track_manual_8075-8405_20260825_151036,331,-39.89,14.93,2.18,1.30,6.54,4.65,0.20,0.29,0,1.6
NORF_2025-10-02_09-00-47_trackmanual_1_0-276_20260619_152957,239,-37.32,2.20,0.23,0.36,0.96,1.33,0.10,0.22,0,2.9
OYS_2025-09-17_13-00-53_track_manual_347-752_20260622_105022,406,-35.70,48.24,0.05,0.03,0.22,0.17,0.08,0.03,0,6.7
OYS_2025-09-17_13-00-53_track_manual_347-752_20260622_105025,406,-35.70,48.24,0.05,0.03,0.22,0.17,0.08,0.03,0,5.8
OYS_2025-09-17_13-00-53_track_manual_347-752_20260622_105031,406,-35.70,48.24,0.05,0.03,0.22,0.17,0.08,0.03,0,4.0
OYS_2025-09-17_13-00-53_track_manual_361-712_20260622_102648,352,-35.70,48.23,0.05,0.03,0.22,0.16,0.07,0.03,0,4.1
OYS_2025-09-17_13-00-53_track_manual_361-712_20260622_102653,352,-35.70,48.23,0.05,0.03,0.22,0.16,0.07,0.03,0,3.6
OYS_2025-09-17_13-00-53_track_manual_43-186_20260622_110608,144,-35.57,48.35,0.04,0.03,0.17,0.13,0.08,0.03,0,4.7
OYS_2025-09-17_13-00-53_track_manual_59-160_20260622_115209,102,-35.57,48.35,0.04,0.02,0.18,0.07,0.09,0.03,0,2.8
OYS_2025-09-17_13-00-53_trackmanual_1_0-197_20260622_093334,132,-35.56,48.35,0.04,0.02,0.17,0.07,0.07,0.04,0,0.7
OYS_2025-09-17_13-00-53_trackmanual_3_0-606_20260622_092954,172,-35.69,48.22,0.04,0.03,0.18,0.12,0.08,0.03,0,5.1
OYS_2025-09-21_13-00-53_trackmanual_1_0-567_20260622_090657,184,-28.44,49.44,0.30,0.49,1.29,1.87,0.10,0.33,0,4.7
OYS_2025-09-25_10-00-52_trackmanual_19_0-920_20260619_174043,239,-35.98,47.83,0.05,0.07,0.25,0.29,0.06,0.03,0,11.5
OYS_2025-09-25_10-00-52_trackmanual_21_0-1388_20260619_174407,239,-35.98,47.67,0.06,0.08,0.31,0.29,0.08,0.04,0,36.2
OYS_2025-10-07_16-00-54_trackmanual_16_0-201_20260619_173702,127,-31.94,5.71,0.06,0.15,0.26,0.65,0.07,0.13,0,26.6
OYS_2025-10-07_16-00-54_trackmanual_18_0-694_20260619_173835,239,-32.14,7.03,0.05,0.16,0.23,0.68,0.07,0.14,0,16.3
PROJSG_2025-05-15_15-00-40_trackmanual_14_0-135_20260619_173457,168,-32.38,30.18,0.27,0.46,1.37,2.10,0.29,0.56,0,15.0
PROJSG_2025-05-15_15-00-40_trackmanual_15_0-320_20260619_173544,239,-32.70,30.79,0.32,0.53,1.44,2.51,0.20,0.32,0,1.7
PROJSG_2025-05-19_12-00-40_trackmanual_13_0-141_20260619_173307,168,-53.50,38.34,0.15,0.22,0.64,1.24,0.17,0.23,0,32.0
PROJSG_2025-05-20_09-00-40_trackmanual_11_0-158_20260619_173116,163,-48.33,33.78,0.09,0.16,0.39,0.76,0.11,0.20,0,14.9
PROJSG_2025-05-20_09-00-40_trackmanual_12_0-604_20260619_173209,163,-48.10,33.11,0.11,0.07,0.42,0.34,0.09,0.07,0,22.9
PROJSG_2025-05-23_09-00-41_trackmanual_10_0-119_20260619_172810,168,-38.31,25.58,0.09,0.18,0.45,0.85,0.09,0.19,0,1.0
PROJSG_2025-05-23_15-00-39_trackmanual_8_0-385_20260619_172552,239,-54.16,36.59,0.07,0.11,0.33,0.48,0.11,0.12,0,1.5
