name,site,r_med,r_p99,r_zero,r_uniq
ALG_2020-01-22_09-00-40_track_manual_857-1096_20260625_154637,Algapelago,0.0,2.0,0.9921875,25
ALG_2020-01-23_09-00-40_track124_2470-2516_20260506_132342,Algapelago,0.0,3.0,0.9878144290123457,25
ALG_2020-01-23_09-00-40_track124_2471-2508_20260506_131608,Algapelago,0.0,3.0,0.9878235918209877,25
ALG_2020-01-23_09-00-40_track31_675-739_20260506_131118,Algapelago,0.0,3.0,0.9896715856481482,24
ALG_2020-01-23_09-00-40_track58_987-1008_20260506_132217,Algapelago,0.0,3.0,0.9890538194444445,24
ALG_2020-01-27_12-00-40_track_manual_982-1162_20260625_164314,Algapelago,0.0,3.0,0.9893475115740741,28
ALG_2020-01-29_09-00-40_track60_797-829_20260506_130527,Algapelago,0.0,2.0,0.9995293209876543,9
ALG_2020-01-29_09-00-40_track_manual_455-574_20260816_095541,Algapelago,0.0,1.0,0.9997010030864197,6
ALG_2020-01-30_09-00-40_track10002_196-247_20260313_112133,Algapelago,0.0,2.0,0.998653549382716,13
ALG_2020-02-01_09-00-41_track_manual_41-188_20260813_170623,Algapelago,0.0,2.0,0.9974720293209877,16
ALG_2020-02-10_09-00-40_track_manual_1397-2554_20260625_163934,Algapelago,0.0,4.0,0.9714419367283951,33
ALG_SC_11_2024-07-08_12-00-41_track10002_142-438_20260312_104745,Algapelago,0.0,3.0,0.9894434799382716,27
ALG_SC_11_2024-07-08_12-00-41_track10019_18-105_20260312_104615,Algapelago,0.0,2.0,0.9987282986111111,25
ALG_SC_11_2024-07-08_12-00-41_track10040_1177-1256_20260312_105014,Algapelago,0.0,2.0,0.9903501157407407,22
ALG_SC_11_2024-07-12_15-00-39_track10001_91-506_20260311_125244,Algapelago,0.0,2.0,0.9903438464506172,25
ALG_SC_11_2024-07-14_15-00-40_track10028_715-808_20260311_124354,Algapelago,0.0,2.0,0.9917472029320987,18
ALG_SC_11_2024-07-14_15-00-40_track10084_1987-2072_20260311_124835,Algapelago,0.0,2.0,0.9904673032407407,17
ALG_SC_11_2024-07-16_15-00-39_track10004_1933-1854_20260311_130805,Algapelago,0.0,3.0,0.9895355902777778,25
ALG_SC_11_2024-07-16_15-00-39_track10015_799-1006_20260311_130433,Algapelago,0.0,3.0,0.9893605324074074,23
ALG_SC_11_2024-07-17_15-00-40_track10002_91-211_20260311_131646,Algapelago,0.0,3.0,0.9874754050925926,22
ALG_SC_11_2024-07-18_12-00-40_track10002_279-525_20260311_131417,Algapelago,0.0,2.0,0.9911955054012346,26
ALG_SC_11_2024-07-19_09-00-39_track10018_572-636_20260311_131951,Algapelago,0.0,2.0,0.9956264467592593,21
ALG_SC_11_2024-07-19_09-00-39_track10021_1760-1917_20260311_132449,Algapelago,0.0,2.0,0.9952797067901235,24
ALG_SC_11_2024-07-28_12-00-40_track10053_2230-2346_20260311_133746,Algapelago,0.0,2.0,0.9950757137345679,21
ALG_SC_11_2024-07-30_09-00-39_track10003_69-182_20260311_132740,Algapelago,0.0,2.0,0.9969169560185185,15
ALG_SC_11_2024-07-30_09-00-39_track10019_671-781_20260311_133408,Algapelago,0.0,2.0,0.9968036265432099,14
ALG_SC_14_2024-06-08_12-00-40_track10115_818-871_20260311_135752,Algapelago,0.0,1.0,0.9996870177469136,13
ALG_SC_14_2024-06-08_12-00-40_track44_871-887_20260311_135918,Algapelago,0.0,1.0,0.9997362075617284,5
ALG_SC_14_2024-06-10_09-00-39_track3_150-175_20260311_142040,Algapelago,0.0,1.0,0.9998017939814815,6
ALG_SC_14_2024-06-11_09-00-40_track182_878-899_20260311_141110,Algapelago,0.0,1.0,0.9997270447530864,9
ALG_SC_14_2024-06-13_15-00-39_track10066_1555-1615_20260311_141809,Algapelago,0.0,1.0,0.9999189814814815,5
ALG_SC_14_2024-06-13_15-00-39_trackmanual_1_0-1680_20260311_141705,Algapelago,0.0,2.0,0.9991401427469135,8
ALG_SC_14_2024-07-09_15-00-40_track10141_1333-1596_20260312_102313,Algapelago,0.0,2.0,0.9996277006172839,6
ALG_SC_14_2024-07-11_09-00-40_track10197_1900-1992_20260312_102049,Algapelago,0.0,1.0,0.9997391010802469,11
ALG_SC_14_2024-07-17_15-00-40_trackmanual_1_0-1636_20260313_100318,Algapelago,0.0,2.0,0.9991261574074074,7
ALG_anjali_2025-04-19_cuttlefish,Algapelago,0.0,2.0,0.9983449074074074,19
ATLMAR_2025-09-08_13-00-46_track_manual_1925-2817_20260625_163744,,3.0,26.0,0.49811680169753086,80
ATLMAR_2025-09-08_13-00-46_track_manual_41-490_20260625_161133,,4.0,27.0,0.403608699845679,88
ATLMAR_2025-09-08_15-00-46_track_manual_76-266_20260625_160932,,2.0,26.0,0.5518397955246913,98
ATLMAR_2025-09-11_11-00-45_track_manual_0-219_20260625_160530,,0.0,3.0,0.9850294174382717,40
ATLMAR_2025-09-11_11-00-45_track_manual_302-427_20260625_154825,Atlantic Mariculture,0.0,5.0,0.9503824266975308,37
ATLMAR_2025-09-11_11-00-45_track_manual_967-1566_20260625_160820,,0.0,5.0,0.9525144675925926,39
ATLMAR_2025-09-20_15-00-45_track_manual_1045-1964_20260625_154251,,1.0,16.0,0.7021551890432098,77
ATLMAR_2025-09-21_15-00-47_track_manual_2170-2696_20260625_154121,,3.0,35.0,0.47889467592592594,76
ATLMAR_2025-09-22_15-00-47_track_manual_367-1343_20260625_153841,,0.0,8.0,0.9132277199074074,64
ATLMAR_2025-09-24_13-00-46_track_manual_355-895_20260625_153632,,7.0,35.0,0.32523485725308643,97
ATLMAR_2025-09-27_11-00-46_track_manual_70-415_20260625_153352,,0.0,5.0,0.9436930941358025,46
ATLMAR_2025-09-27_13-00-46_track_manual_684-1251_20260625_153227,,0.0,7.0,0.9157026427469136,60
ATLMAR_2025-09-28_13-00-47_trackmanual_5_0-824_20260619_172116,,0.0,13.0,0.873966049382716,81
ATLMAR_2025-09-28_13-00-47_trackmanual_6_0-1040_20260619_172234,,0.0,14.0,0.8727035108024691,80
ATLMAR_2025-09-28_13-00-47_trackmanual_7_0-2538_20260619_172421,,0.0,12.0,0.8851972415123457,76
ATLMAR_2025-09-30_11-00-45_track_manual_668-775_20260625_153008,Atlantic Mariculture,0.0,8.0,0.9084167631172839,70
ATLMAR_2025-10-01_13-00-46_track_manual_2531-2798_20260625_152746,,0.0,8.0,0.9005049189814814,71
ATLMAR_2025-10-01_13-00-46_track_manual_73-362_20260625_152617,,0.0,11.0,0.8865219907407408,83
ATLMAR_2025-10-01_13-00-46_track_manual_89-414_20260625_152515,,0.0,11.0,0.8834466628086419,85
ATLMAR_2025-10-14_11-00-47_track_manual_2065-2344_20260625_152157,,0.0,5.0,0.9507277199074075,46
ATLMAR_2025-10-14_11-00-47_track_manual_2616-2803_20260625_152325,,0.0,5.0,0.9503491512345679,44
ATLMAR_2025-10-15_13-00-47_track_manual_1590-1962_20260625_151449,,0.0,5.0,0.9566787229938272,42
ATLMAR_2025-10-15_13-00-47_track_manual_2217-2484_20260625_151805,,0.0,4.0,0.9574729938271604,39
ATLMAR_2025-10-18_11-00-47_track_manual_1112-1245_20260625_124701,Atlantic Mariculture,0.0,6.0,0.9142660108024692,49
ATLMAR_2025-10-18_11-00-47_track_manual_140-896_20260625_121542,,0.0,11.0,0.8204967206790124,114
CYM_Control_S_2026-04-27_17-00_dragonets00002700_track_manual_42-218_20260826_103116,Ramsey Sound Control,0.0,9.0,0.8980155285493827,41
CYM_Control_S_2026-04-27_17-00_dragonets00002700_track_manual_76-276_20260826_104440,,13.0,19.0,0.008873939043209876,49
CYM_Control_S_2026-04-27_17-00_dragonets00002700_track_manual_91-273_20260826_131210,Ramsey Sound Control,0.0,9.0,0.9008449074074074,43
CYM_Control_S_2026-04-27_17-00_dragonets00002700_track_manual_94-196_20260826_110828,Ramsey Sound Control,0.0,9.0,0.9016435185185185,44
CYM_Control_S_2026-04-27_17-00_dragonets00004760_track_manual_162-421_20260826_131729,Ramsey Sound Control,63.0,84.0,0.0,83
CYM_Control_S_2026-04-27_17-00_dragonets00004760_track_manual_173-297_20260826_104633,Ramsey Sound Control,0.0,9.0,0.9004861111111111,44
CYM_Control_S_2026_05-11_08-00_seagooseberry00001015_track_manual_17-97_20260826_132727,Ramsey Sound Control,0.0,6.0,0.9239781057098766,29
CYM_Control_S_2026_05-11_17-00_spidercrab00003545_track_manual_245-624_20260826_124813,Ramsey Sound Control,12.0,18.0,0.01172019675925926,26
CYM_Control_S_2026_05-11_17-00_spidercrab00003545_track_manual_294-801_20260826_134625,,12.0,18.0,0.011929494598765432,25
CYM_Control_S_2026_05-11_17-00_spidercrab00003545_track_manual_295-1036_20260826_105049,Ramsey Sound Control,12.0,18.0,0.01029320987654321,26
CYM_Control_S_2026_05-16_14-00_gobies00000735_track_manual_14-69_20260826_135214,Ramsey Sound Control,0.0,11.0,0.8737615740740741,47
CYM_Control_S_2026_05-16_14-00_gobies00000735_track_manual_8-60_20260826_111320,Ramsey Sound Control,0.0,11.0,0.8739838927469136,50
CYM_Control_S_2026_05-30_08-00_spidercrab00003420_track_manual_20-275_20260826_135537,Ramsey Sound Control,13.0,19.0,0.01431664737654321,50
CYM_Control_S_2026_05-31_17-00_scorpionfish00006050_track_manual_9-226_20260826_130943,Ramsey Sound Control,13.0,20.0,0.017312885802469136,65
CYM_Control_S_2026_06-02_11-00_brittlestargoby00004460_track_manual_4-92_20260826_135910,Ramsey Sound Control,0.0,9.0,0.8928399884259259,48
CYM_Control_S_2026_06-02_17-00_dragonet00005355_track_manual_0-53_20260826_140448,Ramsey Sound Control,0.0,9.0,0.8822771990740741,46
CYM_Control_S_2026_06-07_08-00_dragonet00003015_track_manual_33-129_20260826_140835,Ramsey Sound Control,0.0,10.0,0.8687789351851852,47
CYM_Control_S_2026_06-12_17-00_bigjelly00008375_track_manual_22-156_20260826_141100,Ramsey Sound Control,0.0,9.0,0.9301678240740741,50
CYM_Farm_S_2026-04-28_11-00_pollackcrab00008340_track_manual_133-377_20260826_141431,Ramsey Sound Farm,11.0,17.0,0.011927083333333333,38
CYM_Farm_S_2026-04-29_08-00_pollack00002795_track_manual_22-238_20260826_141803,Ramsey Sound Farm,9.0,15.0,0.018002507716049384,40
CYM_Farm_S_2026-04-29_17-00_pollack00003975_track_manual_18-373_20260826_142217,Ramsey Sound Farm,8.0,14.0,0.05965181327160494,36
CYM_Farm_S_2026-05-04_14-00_wrasse00003290_track_manual_9-121_20260826_142607,Ramsey Sound Farm,0.0,6.0,0.9442751736111111,37
CYM_Farm_S_2026-05-09_17-00_wrasse00003850_track_manual_30-230_20260826_142935,Ramsey Sound Farm,0.0,6.0,0.9350154320987655,41
CYM_Farm_S_2026-05-10_11-00_dragonet00007030_track_manual_130-246_20260826_143215,Ramsey Sound Farm,0.0,8.0,0.9179856288580247,40
CYM_Farm_S_2026-05-10_17-00_octopus00009640_track_manual_12-105_20260826_143609,Ramsey Sound Farm,0.0,7.0,0.9276186342592593,42
CYM_Farm_S_2026-05-17_11-00_wrasse00008215_track_manual_42-192_20260826_143827,Ramsey Sound Farm,0.0,6.0,0.9433805941358024,41
CYM_Farm_S_2026-05-17_17-00_wrasse00000095_track_manual_148-325_20260826_144046,Ramsey Sound Farm,0.0,7.0,0.9179856288580247,36
CYM_Farm_S_2026-05-24_11-00_fishpollack00002535_track_manual_58-190_20260826_144713,Ramsey Sound Farm,0.0,5.0,0.9603891782407408,29
CYM_Farm_S_2026-05-24_11-00_fishpollack00002535_track_manual_75-177_20260826_144441,Ramsey Sound Farm,0.0,5.0,0.961229263117284,32
CYM_Farm_S_2026-05-24_11-00_fishpollack00007765_track_manual_66-187_20260826_144921,Ramsey Sound Farm,0.0,4.0,0.9612784529320988,32
CYM_Farm_S_2026-05-24_17-00_crab00007150_track_manual_151-935_20260826_145224,Ramsey Sound Farm,13.0,20.0,0.014737172067901235,68
CYM_Farm_S_2026-05-25_11-00_pollack00002450_track_manual_25-159_20260826_145359,Ramsey Sound Farm,0.0,7.0,0.9144796489197531,36
CYM_Farm_S_2026-05-25_11-00_wrasse00008360_track_manual_81-220_20260826_145658,Ramsey Sound Farm,0.0,7.0,0.9185778356481481,43
CYM_Farm_S_2026-05-26_11-00_pollack00004345_track_manual_112-369_20260826_145914,Ramsey Sound Farm,13.0,19.0,0.008786168981481482,40
CYM_Farm_S_2026-05-27_08-00_wrassepollack00004885_track_manual_96-357_20260826_151939,Ramsey Sound Farm,12.0,19.0,0.018715760030864198,61
CYM_Farm_S_2026-05-27_08-00_wrassepollack00006095_track_manual_108-168_20260826_153241,Ramsey Sound Farm,0.0,10.0,0.8714351851851851,52
CYM_Farm_S_2026-05-27_08-00_wrassepollack00008345_track_manual_70-225_20260826_153417,Ramsey Sound Farm,0.0,10.0,0.875162037037037,58
CYM_Farm_S_2026-05-28_14-00_shark00002500_track_manual_11-96_20260826_153554,Ramsey Sound Farm,0.0,9.0,0.8791825810185185,45
CYM_Farm_S_2026-05-29_14-00_pollackcrab00000000_track_manual_109-391_20260826_153857,Ramsey Sound Farm,35.0,49.0,0.0003997878086419753,92
CYM_Farm_S_2026-05-30_17-00_wrasse00004815_track_manual_42-140_20260826_154221,Ramsey Sound Farm,0.0,8.0,0.8964935378086419,44
CYM_Farm_S_2026-06-02_14-00_wrasses00000605_track_manual_58-148_20260826_154530,Ramsey Sound Farm,0.0,6.0,0.9376273148148148,40
CYM_Farm_S_2026-06-02_14-00_wrasses00004490_track_manual_48-163_20260826_154854,Ramsey Sound Farm,0.0,5.0,0.948599537037037,35
CYM_Farm_S_2026-06-07_14-00_wrasse00004840_track_manual_55-260_20260826_155035,Ramsey Sound Farm,0.0,7.0,0.9186207561728396,37
CYM_Farm_S_2026-06-07_17-00_wrasse00005760_track_manual_39-174_20260826_155226,Ramsey Sound Farm,0.0,8.0,0.8933367091049382,39
CYM_Farm_S_2026-06-09_08-00_wrasses00002775_track_manual_62-133_20260826_155524,Ramsey Sound Farm,0.0,9.0,0.884870273919753,53
CYM_Farm_S_2026-06-09_14-00_moonjelly00005525_track_manual_48-199_20260826_155808,Ramsey Sound Farm,0.0,8.0,0.8998837770061728,46
CYM_Farm_S_2026-06-10_08-00_goldsinnys00004265_track_manual_86-314_20260826_160036,Ramsey Sound Farm,40.0,62.0,0.0008685378086419753,112
CYM_Farm_S_2026-06-10_08-00_goldsinnys00004765_track_manual_17-243_20260826_160303,Ramsey Sound Farm,44.0,65.0,0.00032648533950617285,127
CYM_Farm_S_2026-06-10_14-00_dragonetseagooseberry00003130_track_manual_69-259_20260826_160452,Ramsey Sound Farm,0.0,8.0,0.895531925154321,40
CYM_Farm_S_2026-06-12_11-00_crabwrasse00000465_track_manual_474-639_20260828_093947,Ramsey Sound Farm,0.0,9.0,0.8774030671296297,61
CYM_Farm_S_2026-06-12_11-00_crabwrasse00000465_track_manual_495-624_20260828_094150,Ramsey Sound Farm,0.0,9.0,0.8872960069444444,50
CYM_Farm_S_2026-06-13_14-00_moonjelly00009000_track_manual_24-204_20260828_094506,Ramsey Sound Farm,0.0,9.0,0.8851649305555556,49
CYM_Farm_S_2026-06-14_14-00_wrasse00004650_track_manual_36-243_20260828_094655,Ramsey Sound Farm,0.0,9.0,0.8741719714506173,45
CYM_Farm_S_2026-06-15_08-00_wrasse00007270_track_manual_86-353_20260828_094841,Ramsey Sound Farm,13.0,22.0,0.02887008101851852,88
EXO_3_2023-07-23_seal,Freshwater West,12.0,17.0,0.0004144965277777778,31
KEL33_2026-04-23_08-01_velvetcrab_track_manual_0-696_20260629_112902,,99.0,167.0,0.0,215
KEL33_2026-04-23_08-01_velvetcrab_track_manual_162-376_20260706_101032,,100.0,169.0,0.0,222
KEL33_2026_04-11_11-01_twostarandcrab_track_manual_0-738_20260629_112651,,80.0,124.0,0.0,192
KEL33_2026_04-11_11-01_twostarandcrab_track_manual_0-738_20260629_112752,,80.0,124.0,0.0,192
KEL33_2026_04-15_14-01_twospotgobyandstar_track_manual_0-84_20260629_112557,Kelp Crofters,81.0,154.0,0.0,220
KEL33_2026_04-28_08-01_goldsinny_track_manual_0-193_20260629_112409,,91.0,127.0,9.645061728395062e-07,168
KEL33_2026_05-01_14-01_wrasse_track_manual_0-222_20260629_112318,,101.0,156.0,0.0,212
KEL33_2026_05-06_08-01_urchin_track_manual_0-325_20260629_112136,,75.0,99.0,0.0,185
KEL37_2026_04_05_14-01_bird_track_manual_0-115_20260629_111920,Kelp Crofters,96.0,134.0,0.0,210
KEL37_2026_04_09_14-01_spidercrab_track_manual_0-435_20260629_111810,,73.0,108.0,0.0,166
KEL37_2026_04_14_14-01_stickleback_track_manual_0-336_20260629_111708,,62.0,132.0,3.375771604938272e-06,240
KEL37_2026_05_10_11-01_twospotgoby_track_manual_9-422_20260629_111604,,64.0,128.0,4.822530864197531e-07,197
KEL37_2026_05_12_11-01_twocrab_track_manual_12-539_20260629_111454,,67.0,132.0,0.0,190
META_2023-10-01-BRUV1_EXOMATT_D1_OCT23 (5)_trackmanual_1_0-496_20260619_171422,East Pickard Bay,1.0,249.0,0.5402787422839506,256
META_2023-10-01-BRUV1_EXOMATT_D1_OCT23 (5)_trackmanual_2_0-8569_20260619_171646,East Pickard Bay,26.0,253.0,0.07403838734567901,256
META_2023-10-01-BRUV1_EXOMATT_D1_OCT23 (5)_trackmanual_3_0-15726_20260619_171827,East Pickard Bay,9.0,215.0,0.282953800154321,255
META_2023-10-01-BRUV1_EXOREEF_D1_OCT23 (2)_track_manual_8470-9020_20260625_151142,East Pickard Bay,3.0,21.0,0.49288146219135803,63
NORF-1_2026-06-11_17-01_track_manual_7875-8180_20260825_144726,Blakeney Overfalls,0.0,9.0,0.8913594714506173,46
NORF-1_2026-06-13_08-01_track_manual_1178-1599_20260825_143459,Blakeney Overfalls,0.0,10.0,0.8963667052469135,48
NORF-1_2026-06-13_11-01_track_manual_9473-9601_20260825_144346,Blakeney Overfalls,0.0,6.0,0.9516657021604938,33
NORF-1_2026-06-13_14-01_track_manual_1709-1859_20260825_143225,Blakeney Overfalls,0.0,7.0,0.9339732831790123,40
NORF-1_2026-06-13_17-01_track_manual_1967-2255_20260825_142757,Blakeney Overfalls,0.0,10.0,0.8987770061728395,46
NORF-1_2026-06-14_08-01_track_manual_4636-4831_20260825_143019,Blakeney Overfalls,0.0,8.0,0.9131780478395062,37
NORF-1_2026-06-14_11-01_track_manual_5626-5867_20260825_142407,Blakeney Overfalls,0.0,6.0,0.9483473186728395,30
NORF-1_2026-06-14_17-01_track_manual_9656-9757_20260825_141949,Blakeney Overfalls,0.0,7.0,0.9183762538580247,33
NORF-1_2026-06-15_08-01_track_manual_6252-6582_20260825_141609,Blakeney Overfalls,0.0,8.0,0.8725048225308641,34
NORF-1_2026-06-15_17-01_track_manual_228-542_20260825_140530,Blakeney Overfalls,0.0,8.0,0.9262866512345679,45
NORF-1_2026-06-16_08-01_track_manual_8543-9030_20260825_141208,Blakeney Overfalls,0.0,7.0,0.8847169174382716,27
NORF-1_2026-06-18_08-01_track_manual_8075-8405_20260825_151036,Blakeney Overfalls,0.0,7.0,0.8987504822530864,31
NORF_2025-10-02_09-00-47_trackmanual_1_0-276_20260619_152957,Blakeney Overfalls,0.0,2.0,0.9962562692901235,64
OYS_2025-09-17_13-00-53_track_manual_347-752_20260622_105022,Veerse Meer,76.0,172.0,0.02295090663580247,256
OYS_2025-09-17_13-00-53_track_manual_347-752_20260622_105025,Veerse Meer,76.0,172.0,0.02295090663580247,256
OYS_2025-09-17_13-00-53_track_manual_347-752_20260622_105031,Veerse Meer,76.0,172.0,0.02295090663580247,256
OYS_2025-09-17_13-00-53_track_manual_361-712_20260622_102648,Veerse Meer,76.0,172.0,0.02345727237654321,256
OYS_2025-09-17_13-00-53_track_manual_361-712_20260622_102653,Veerse Meer,76.0,172.0,0.02345727237654321,256
OYS_2025-09-17_13-00-53_track_manual_43-186_20260622_110608,Veerse Meer,76.0,172.0,0.022311921296296295,256
OYS_2025-09-17_13-00-53_track_manual_59-160_20260622_115209,Veerse Meer,76.0,172.0,0.022521701388888888,256
OYS_2025-09-17_13-00-53_trackmanual_1_0-197_20260622_093334,Veerse Meer,76.0,172.0,0.02185715663580247,256
OYS_2025-09-17_13-00-53_trackmanual_3_0-606_20260622_092954,Veerse Meer,76.0,172.0,0.023213734567901236,256
OYS_2025-09-21_13-00-53_trackmanual_1_0-567_20260622_090657,Veerse Meer,87.0,216.0,0.01734278549382716,256
OYS_2025-09-25_10-00-52_trackmanual_19_0-920_20260619_174043,Veerse Meer,73.0,175.0,0.015385802469135802,256
OYS_2025-09-25_10-00-52_trackmanual_21_0-1388_20260619_174407,Veerse Meer,71.0,172.0,0.01865644290123457,256
OYS_2025-10-07_16-00-54_trackmanual_16_0-201_20260619_173702,Veerse Meer,38.0,113.0,0.09431134259259259,201
OYS_2025-10-07_16-00-54_trackmanual_18_0-694_20260619_173835,Veerse Meer,40.0,119.0,0.08184992283950618,205
PROJSG_2025-05-15_15-00-40_trackmanual_14_0-135_20260619_173457,Dale Bay,83.0,158.0,0.002359664351851852,214
PROJSG_2025-05-15_15-00-40_trackmanual_15_0-320_20260619_173544,Dale Bay,77.0,150.0,0.0036535493827160492,222
PROJSG_2025-05-19_12-00-40_trackmanual_13_0-141_20260619_173307,Dale Bay,33.0,66.0,0.010779320987654321,114
PROJSG_2025-05-20_09-00-40_trackmanual_11_0-158_20260619_173116,Dale Bay,46.0,77.0,0.009382716049382716,153
PROJSG_2025-05-20_09-00-40_trackmanual_12_0-604_20260619_173209,Dale Bay,45.0,76.0,0.010849247685185186,154
PROJSG_2025-05-23_09-00-41_trackmanual_10_0-119_20260619_172810,Dale Bay,68.0,106.0,0.0021879822530864197,213
PROJSG_2025-05-23_15-00-39_trackmanual_8_0-385_20260619_172552,Dale Bay,19.0,56.0,0.3582947530864197,98
