name,site,L,a,b,R,G,B,size_mb
ALG_2020-01-22_09-00-40_track_manual_857-1096_20260625_154637,Algapelago,64.56156,-53.93554,23.47165,0.23756944444444444,179.37258680555556,112.87100694444445,6.026887
ALG_2020-01-23_09-00-40_track124_2470-2516_20260506_132342,Algapelago,64.318665,-52.35234,20.084839,0.2610763888888889,178.22375,118.54791666666667,4.796833
ALG_2020-01-23_09-00-40_track124_2471-2508_20260506_131608,Algapelago,64.32511,-52.361595,20.09938,0.2624826388888889,178.24057291666668,118.53692708333334,4.802191
ALG_2020-01-23_09-00-40_track31_675-739_20260506_131118,Algapelago,64.31772,-52.196823,19.757446,0.23744791666666668,178.17798611111112,119.1529861111111,4.527079
ALG_2020-01-23_09-00-40_track58_987-1008_20260506_132217,Algapelago,64.394104,-52.41606,20.137512,0.2456597222222222,178.44333333333333,118.62423611111112,3.292147
ALG_2020-01-27_12-00-40_track_manual_982-1162_20260625_164314,Algapelago,51.676205,7.9243774,-56.981148,0.22296875,124.95684027777777,221.38460069444446,9.898367
ALG_2020-01-29_09-00-40_track60_797-829_20260506_130527,Algapelago,58.980976,-21.33583,-27.571114,0.13866319444444444,155.52784722222222,190.3675173611111,7.110908
ALG_2020-01-29_09-00-40_track_manual_455-574_20260816_095541,Algapelago,60.826595,-23.09172,-26.591125,0.16244791666666666,160.99276041666667,193.58479166666666,7.187153
ALG_2020-01-30_09-00-40_track10002_196-247_20260313_112133,Algapelago,58.05807,-11.872879,-38.87108,0.17574652777777777,149.80114583333332,207.54489583333333,6.976116
ALG_2020-02-01_09-00-41_track_manual_41-188_20260813_170623,Algapelago,63.69351,-52.288246,20.798508,0.18739583333333334,176.47994791666667,115.70710069444445,4.033229
ALG_2020-02-10_09-00-40_track_manual_1397-2554_20260625_163934,Algapelago,63.24148,-46.146652,8.391724,0.35772569444444446,173.62723958333333,137.2590972222222,37.953656
ALG_SC_11_2024-07-08_12-00-41_track10002_142-438_20260312_104745,Algapelago,62.49537,-51.05877,19.78241,0.23697916666666666,173.32510416666668,115.29451388888889,3.014399
ALG_SC_11_2024-07-08_12-00-41_track10019_18-105_20260312_104615,Algapelago,62.588764,-50.81658,19.04544,0.12361111111111112,173.51020833333334,116.83944444444444,3.214488
ALG_SC_11_2024-07-08_12-00-41_track10040_1177-1256_20260312_105014,Algapelago,62.515438,-51.04724,19.723785,0.23168402777777777,173.40348958333334,115.47104166666666,3.543644
ALG_SC_11_2024-07-12_15-00-39_track10001_91-506_20260311_125244,Algapelago,62.184174,-52.006042,22.56633,0.2506597222222222,172.99184027777778,109.55980902777777,5.668139
ALG_SC_11_2024-07-14_15-00-40_track10028_715-808_20260311_124354,Algapelago,62.59722,-52.155937,22.396133,0.23862847222222222,174.11779513888888,110.85244791666666,2.873841
ALG_SC_11_2024-07-14_15-00-40_track10084_1987-2072_20260311_124835,Algapelago,62.587456,-52.077118,22.228546,0.24928819444444444,174.09380208333334,111.16848958333334,3.729348
ALG_SC_11_2024-07-16_15-00-39_track10004_1933-1854_20260311_130805,Algapelago,63.06739,-51.495766,20.14685,0.2335590277777778,175.03571180555556,116.01701388888888,3.642057
ALG_SC_11_2024-07-16_15-00-39_track10015_799-1006_20260311_130433,Algapelago,63.115456,-51.611855,20.370499,0.24739583333333334,175.19588541666667,115.70479166666667,3.990773
ALG_SC_11_2024-07-17_15-00-40_track10002_91-211_20260311_131646,Algapelago,62.707474,-51.124916,19.794586,0.26394097222222224,174.0874826388889,115.95946180555555,3.43992
ALG_SC_11_2024-07-18_12-00-40_track10002_279-525_20260311_131417,Algapelago,62.23742,-51.13311,20.419052,0.25015625,172.88116319444444,113.71185763888889,1.848621
ALG_SC_11_2024-07-19_09-00-39_track10018_572-636_20260311_131951,Algapelago,63.079166,-51.666924,20.40532,0.18595486111111112,174.96548611111112,115.35699652777778,2.818278
ALG_SC_11_2024-07-19_09-00-39_track10021_1760-1917_20260311_132449,Algapelago,63.056816,-51.3675,19.774597,0.19760416666666666,174.8606076388889,116.54138888888889,4.163062
ALG_SC_11_2024-07-28_12-00-40_track10053_2230-2346_20260311_133746,Algapelago,63.660053,-60.028366,41.155746,0.20097222222222222,178.9634201388889,75.45809027777777,4.062285
ALG_SC_11_2024-07-30_09-00-39_track10003_69-182_20260311_132740,Algapelago,62.003643,-58.25557,38.922897,0.19340277777777778,174.32206597222222,76.31506944444445,4.11789
ALG_SC_11_2024-07-30_09-00-39_track10019_671-781_20260311_133408,Algapelago,62.24428,-58.11622,38.143356,0.17668402777777778,174.9478472222222,78.59072916666666,4.907771
ALG_SC_14_2024-06-08_12-00-40_track10115_818-871_20260311_135752,Algapelago,56.606087,-51.67404,28.863068,0.13921875,159.12717013888889,84.93414930555555,4.65295
ALG_SC_14_2024-06-08_12-00-40_track44_871-887_20260311_135918,Algapelago,56.481342,-51.55361,28.756699,0.14178819444444443,158.76821180555555,84.83623263888889,4.690138
ALG_SC_14_2024-06-10_09-00-39_track3_150-175_20260311_142040,Algapelago,57.706837,-51.726494,27.44075,0.1371875,161.82328125,90.19652777777777,3.902981
ALG_SC_14_2024-06-11_09-00-40_track182_878-899_20260311_141110,Algapelago,57.67922,-49.716873,22.365814,0.14369791666666668,161.22592013888888,99.90229166666667,3.594513
ALG_SC_14_2024-06-13_15-00-39_track10066_1555-1615_20260311_141809,Algapelago,56.95889,-49.037483,21.760345,0.14321180555555554,159.4623784722222,99.62147569444444,4.368759
ALG_SC_14_2024-06-13_15-00-39_trackmanual_1_0-1680_20260311_141705,Algapelago,54.100857,-47.439163,21.962051,0.15585069444444444,151.29979166666666,92.08748263888889,4.080683
ALG_SC_14_2024-07-09_15-00-40_track10141_1333-1596_20260312_102313,Algapelago,58.483772,-51.55156,25.532639,0.1620138888888889,163.59453125,95.37678819444444,3.550632
ALG_SC_14_2024-07-11_09-00-40_track10197_1900-1992_20260312_102049,Algapelago,59.587948,-51.71064,24.644745,0.15633680555555557,166.56677083333332,99.89237847222222,4.407962
ALG_SC_14_2024-07-17_15-00-40_trackmanual_1_0-1636_20260313_100318,Algapelago,56.73431,-45.972656,15.110077,0.15291666666666667,157.9778125,111.06180555555555,4.470283
ALG_anjali_2025-04-19_cuttlefish,Algapelago,39.25538,-3.2872543,-35.803,0.16196180555555556,97.62689236111112,151.22546875,10.983772
ATLMAR_2025-09-08_13-00-46_track_manual_1925-2817_20260625_163744,,61.434113,-49.12342,16.729584,5.884756944444445,170.3171875,118.5565451388889,70.074208
ATLMAR_2025-09-08_13-00-46_track_manual_41-490_20260625_161133,,61.55514,-50.08922,19.004135,6.880243055555556,170.8504513888889,114.70640625,35.706438
ATLMAR_2025-09-08_15-00-46_track_manual_76-266_20260625_160932,,60.774662,-48.97547,17.238235,5.420642361111111,168.60626736111112,116.20769097222222,14.836695
ATLMAR_2025-09-11_11-00-45_track_manual_0-219_20260625_160530,,49.19841,-35.837395,2.858139,0.27166666666666667,133.81465277777778,112.93105902777778,17.160612
ATLMAR_2025-09-11_11-00-45_track_manual_302-427_20260625_154825,Atlantic Mariculture,44.570774,-32.6745,1.5909729,0.46866319444444443,120.90902777777778,103.67913194444445,12.424655
ATLMAR_2025-09-11_11-00-45_track_manual_967-1566_20260625_160820,,48.81382,-34.89859,1.4668884,0.45678819444444446,132.49265625,114.11993055555556,45.859117
ATLMAR_2025-09-20_15-00-45_track_manual_1045-1964_20260625_154251,,60.56718,-46.942673,12.913055,2.529982638888889,167.6940277777778,123.66770833333334,75.86555
ATLMAR_2025-09-21_15-00-47_track_manual_2170-2696_20260625_154121,,59.644962,-49.100365,19.127747,7.957447916666666,165.72508680555555,110.07555555555555,48.321707
ATLMAR_2025-09-22_15-00-47_track_manual_367-1343_20260625_153841,,60.503876,-43.468834,5.936737,0.7204166666666667,166.4975347222222,135.91847222222222,71.007816
ATLMAR_2025-09-24_13-00-46_track_manual_355-895_20260625_153632,,62.033524,-51.482323,21.710526,10.008836805555555,172.4506597222222,110.68277777777777,47.237534
ATLMAR_2025-09-27_11-00-46_track_manual_70-415_20260625_153352,,32.813454,-20.064552,-8.718246,0.5083159722222222,87.58109375,91.94831597222222,26.648549
ATLMAR_2025-09-27_13-00-46_track_manual_684-1251_20260625_153227,,38.162476,-31.957481,6.7417145,0.6700173611111111,103.86310763888889,79.23506944444445,47.641159
ATLMAR_2025-09-28_13-00-47_trackmanual_5_0-824_20260619_172116,,62.088863,-46.25698,9.619492,1.0858159722222223,171.22059027777777,132.81833333333333,12.639
ATLMAR_2025-09-28_13-00-47_trackmanual_6_0-1040_20260619_172234,,62.079784,-46.2687,9.653442,1.1005555555555555,171.20138888888889,132.73506944444443,13.979982
ATLMAR_2025-09-28_13-00-47_trackmanual_7_0-2538_20260619_172421,,62.23924,-45.954323,8.853668,0.97484375,171.56661458333335,134.58116319444446,12.475727
ATLMAR_2025-09-30_11-00-45_track_manual_668-775_20260625_153008,Atlantic Mariculture,60.943707,-37.44217,-5.1961136,0.7147743055555555,165.81402777777777,156.48647569444444,10.11957
ATLMAR_2025-10-01_13-00-46_track_manual_2531-2798_20260625_152746,,62.067966,-41.6045,0.90504456,0.7984201388888889,169.7834375,148.22994791666667,18.758805
ATLMAR_2025-10-01_13-00-46_track_manual_73-362_20260625_152617,,62.34098,-43.755592,4.697052,0.9310416666666667,171.06706597222222,142.22255208333334,20.516601
ATLMAR_2025-10-01_13-00-46_track_manual_89-414_20260625_152515,,62.376225,-43.78302,4.7178497,0.9493923611111111,171.17385416666667,142.27901041666667,22.918662
ATLMAR_2025-10-14_11-00-47_track_manual_2065-2344_20260625_152157,,55.57312,-33.821236,-6.5214386,0.4490972222222222,150.16663194444445,144.81831597222222,18.30386
ATLMAR_2025-10-14_11-00-47_track_manual_2616-2803_20260625_152325,,55.49776,-33.350136,-7.20578,0.45305555555555554,149.84019097222222,145.81635416666666,11.987687
ATLMAR_2025-10-15_13-00-47_track_manual_1590-1962_20260625_151449,,52.804688,-29.985695,-10.271683,0.4392013888888889,141.93479166666665,144.42517361111112,23.912788
ATLMAR_2025-10-15_13-00-47_track_manual_2217-2484_20260625_151805,,52.93921,-29.899895,-10.523857,0.42723958333333334,142.2759548611111,145.18020833333333,17.282186
ATLMAR_2025-10-18_11-00-47_track_manual_1112-1245_20260625_124701,Atlantic Mariculture,52.394836,-43.863922,15.377289,0.6951041666666666,144.03078125,98.40086805555555,14.150399
ATLMAR_2025-10-18_11-00-47_track_manual_140-896_20260625_121542,,53.361046,-45.433746,17.88176,1.3055555555555556,147.10342013888888,96.38451388888889,65.555229
CYM_Control_S_2026-04-27_17-00_dragonets00002700_track_manual_42-218_20260826_103116,Ramsey Sound Control,60.066223,-23.000626,-26.063904,0.7882465277777778,158.71397569444446,190.2723263888889,12.885677
CYM_Control_S_2026-04-27_17-00_dragonets00002700_track_manual_76-276_20260826_104440,,59.54018,-21.342255,-27.218666,12.385625,156.68067708333334,190.84368055555555,1.835052
CYM_Control_S_2026-04-27_17-00_dragonets00002700_track_manual_91-273_20260826_131210,Ramsey Sound Control,59.905342,-22.814201,-26.196075,0.7704166666666666,158.22526041666666,190.0715451388889,12.68217
CYM_Control_S_2026-04-27_17-00_dragonets00002700_track_manual_94-196_20260826_110828,Ramsey Sound Control,59.87963,-22.807655,-26.192757,0.76953125,158.15020833333332,189.99788194444446,12.660047
CYM_Control_S_2026-04-27_17-00_dragonets00004760_track_manual_162-421_20260826_131729,Ramsey Sound Control,51.09734,-7.655731,-28.78212,61.54326388888889,128.46675347222222,170.8060590277778,7.664955
CYM_Control_S_2026-04-27_17-00_dragonets00004760_track_manual_173-297_20260826_104633,Ramsey Sound Control,59.524345,-22.942276,-25.751717,0.7725694444444444,157.2278298611111,188.26678819444444,12.925305
CYM_Control_S_2026_05-11_08-00_seagooseberry00001015_track_manual_17-97_20260826_132727,Ramsey Sound Control,56.58466,-6.822708,-43.754723,0.6213194444444444,143.88232638888888,211.81934027777777,7.937552
CYM_Control_S_2026_05-11_17-00_spidercrab00003545_track_manual_245-624_20260826_124813,Ramsey Sound Control,56.118298,-9.105431,-40.17415,11.617690972222222,143.6772222222222,204.6301909722222,6.873542
CYM_Control_S_2026_05-11_17-00_spidercrab00003545_track_manual_294-801_20260826_134625,,56.079983,-9.24752,-39.98432,11.572986111111112,143.62901041666666,204.18550347222222,0.524332
CYM_Control_S_2026_05-11_17-00_spidercrab00003545_track_manual_295-1036_20260826_105049,Ramsey Sound Control,56.099865,-9.229118,-40.010483,11.677413194444444,143.67539930555554,204.2859375,13.209586
CYM_Control_S_2026_05-16_14-00_gobies00000735_track_manual_14-69_20260826_135214,Ramsey Sound Control,58.943134,-17.971062,-31.84568,0.9875173611111111,154.06534722222221,197.44022569444445,10.355683
CYM_Control_S_2026_05-16_14-00_gobies00000735_track_manual_8-60_20260826_111320,Ramsey Sound Control,58.956863,-17.976631,-31.848389,0.9890972222222222,154.10598958333333,197.4870486111111,10.329923
CYM_Control_S_2026_05-30_08-00_spidercrab00003420_track_manual_20-275_20260826_135537,Ramsey Sound Control,59.123463,-18.544533,-30.58979,12.34935763888889,154.76135416666668,195.71682291666667,6.43492
CYM_Control_S_2026_05-31_17-00_scorpionfish00006050_track_manual_9-226_20260826_130943,Ramsey Sound Control,59.802383,-22.75064,-25.547173,12.311684027777778,157.91451388888888,188.6934375,5.721822
CYM_Control_S_2026_06-02_11-00_brittlestargoby00004460_track_manual_4-92_20260826_135910,Ramsey Sound Control,59.694508,-28.842033,-17.58554,0.84328125,159.5077951388889,174.4567361111111,8.745157
CYM_Control_S_2026_06-02_17-00_dragonet00005355_track_manual_0-53_20260826_140448,Ramsey Sound Control,59.606277,-21.871323,-27.243195,0.8877777777777778,157.02852430555555,191.0300347222222,9.832632
CYM_Control_S_2026_06-07_08-00_dragonet00003015_track_manual_33-129_20260826_140835,Ramsey Sound Control,58.834194,-19.044754,-30.386543,0.975625,154.05256944444446,194.51151041666665,15.704472
CYM_Control_S_2026_06-12_17-00_bigjelly00008375_track_manual_22-156_20260826_141100,Ramsey Sound Control,47.898624,-31.4142,-2.490715,0.6410416666666666,132.33666666666667,122.6457986111111,11.56931
CYM_Farm_S_2026-04-28_11-00_pollackcrab00008340_track_manual_133-377_20260826_141431,Ramsey Sound Farm,52.700394,-9.789551,-36.75238,10.840868055555555,134.81578125,188.89907986111112,5.250562
CYM_Farm_S_2026-04-29_08-00_pollack00002795_track_manual_22-238_20260826_141803,Ramsey Sound Farm,45.929245,-31.218056,-1.2950516,9.138003472222222,123.34092013888889,111.11475694444445,7.924199
CYM_Farm_S_2026-04-29_17-00_pollack00003975_track_manual_18-373_20260826_142217,Ramsey Sound Farm,37.785988,-13.133354,-21.787086,7.583350694444444,97.58741319444445,124.91569444444444,18.171328
CYM_Farm_S_2026-05-04_14-00_wrasse00003290_track_manual_9-121_20260826_142607,Ramsey Sound Farm,57.395405,-14.032967,-35.729927,0.5469791666666667,148.62133680555556,200.00055555555556,9.030676
CYM_Farm_S_2026-05-09_17-00_wrasse00003850_track_manual_30-230_20260826_142935,Ramsey Sound Farm,57.811203,-17.136177,-32.096252,0.57234375,150.86338541666666,194.84954861111112,8.635762
CYM_Farm_S_2026-05-10_11-00_dragonet00007030_track_manual_130-246_20260826_143215,Ramsey Sound Farm,57.19984,-11.005432,-39.306404,0.6933680555555556,147.06480902777778,205.7931423611111,7.997917
CYM_Farm_S_2026-05-10_17-00_octopus00009640_track_manual_12-105_20260826_143609,Ramsey Sound Farm,58.34608,-26.274742,-20.231598,0.6261284722222222,155.24131944444446,175.61157986111112,7.954878
CYM_Farm_S_2026-05-17_11-00_wrasse00008215_track_manual_42-192_20260826_143827,Ramsey Sound Farm,55.49931,-21.388718,-24.793892,0.5277256944444444,147.33138888888888,177.64923611111112,9.057602
CYM_Farm_S_2026-05-17_17-00_wrasse00000095_track_manual_148-325_20260826_144046,Ramsey Sound Farm,59.899303,-26.902168,-20.546303,0.6759201388888889,159.65465277777778,180.34223958333334,15.590853
CYM_Farm_S_2026-05-24_11-00_fishpollack00002535_track_manual_58-190_20260826_144713,Ramsey Sound Farm,59.222946,-24.15538,-23.881264,0.40760416666666666,156.92411458333333,184.22826388888888,10.313326
CYM_Farm_S_2026-05-24_11-00_fishpollack00002535_track_manual_75-177_20260826_144441,Ramsey Sound Farm,59.263165,-24.152931,-23.9104,0.39788194444444447,157.03171875,184.38395833333334,10.310916
CYM_Farm_S_2026-05-24_11-00_fishpollack00007765_track_manual_66-187_20260826_144921,Ramsey Sound Farm,59.738644,-23.183578,-25.586525,0.39394097222222224,158.02142361111112,188.60880208333333,9.543426
CYM_Farm_S_2026-05-24_17-00_crab00007150_track_manual_151-935_20260826_145224,Ramsey Sound Farm,58.953056,-18.735832,-30.04866,12.379861111111111,154.71772569444445,194.39446180555555,27.039457
CYM_Farm_S_2026-05-25_11-00_pollack00002450_track_manual_25-159_20260826_145359,Ramsey Sound Farm,58.28988,-17.033646,-32.558228,0.6887847222222222,152.1521527777778,197.01873263888888,9.442345
CYM_Farm_S_2026-05-25_11-00_wrasse00008360_track_manual_81-220_20260826_145658,Ramsey Sound Farm,58.606136,-18.07698,-31.453087,0.6669097222222222,153.3735763888889,195.94805555555556,8.91431
CYM_Farm_S_2026-05-26_11-00_pollack00004345_track_manual_112-369_20260826_145914,Ramsey Sound Farm,57.91344,-14.141998,-35.197655,12.165677083333334,150.18909722222222,200.58885416666666,7.7193
CYM_Farm_S_2026-05-27_08-00_wrassepollack00004885_track_manual_96-357_20260826_151939,Ramsey Sound Farm,55.77426,-5.550766,-44.074585,11.475381944444445,141.30805555555557,210.24527777777777,6.53964
CYM_Farm_S_2026-05-27_08-00_wrassepollack00006095_track_manual_108-168_20260826_153241,Ramsey Sound Farm,56.776142,-7.9135437,-42.55684,0.9917534722222222,144.91803819444445,210.35161458333334,9.952997
CYM_Farm_S_2026-05-27_08-00_wrassepollack00008345_track_manual_70-225_20260826_153417,Ramsey Sound Farm,57.92894,-7.8572235,-43.37429,0.9648090277777778,147.93289930555557,214.93446180555554,10.274353
CYM_Farm_S_2026-05-28_14-00_shark00002500_track_manual_11-96_20260826_153554,Ramsey Sound Farm,58.552025,-15.55304,-34.630592,0.9346180555555555,152.31166666666667,201.3425,9.79602
CYM_Farm_S_2026-05-29_14-00_pollackcrab00000000_track_manual_109-391_20260826_153857,Ramsey Sound Farm,58.07033,-45.336563,18.349289,33.51321180555556,159.38097222222223,106.93890625,9.221789
CYM_Farm_S_2026-05-30_17-00_wrasse00004815_track_manual_42-140_20260826_154221,Ramsey Sound Farm,58.982903,-17.660019,-32.249725,0.7987152777777777,154.22078125,198.35145833333334,12.269726
CYM_Farm_S_2026-06-02_14-00_wrasses00000605_track_manual_58-148_20260826_154530,Ramsey Sound Farm,60.61164,-55.64038,33.02768,0.5346006944444445,169.20378472222222,85.15154513888889,5.991543
CYM_Farm_S_2026-06-02_14-00_wrasses00004490_track_manual_48-163_20260826_154854,Ramsey Sound Farm,60.41344,-55.218193,32.16707,0.48204861111111114,168.61869791666666,86.43578125,6.082293
CYM_Farm_S_2026-06-07_14-00_wrasse00004840_track_manual_55-260_20260826_155035,Ramsey Sound Farm,58.6161,-17.283264,-32.47896,0.6650868055555555,153.11953125,197.76671875,11.186862
CYM_Farm_S_2026-06-07_17-00_wrasse00005760_track_manual_39-174_20260826_155226,Ramsey Sound Farm,57.002174,-11.655159,-38.337555,0.8342013888888888,146.81645833333334,203.57902777777778,13.667778
CYM_Farm_S_2026-06-09_08-00_wrasses00002775_track_manual_62-133_20260826_155524,Ramsey Sound Farm,57.039288,-9.4298935,-40.981804,0.8899652777777778,146.14057291666666,208.31368055555555,8.477092
CYM_Farm_S_2026-06-09_14-00_moonjelly00005525_track_manual_48-199_20260826_155808,Ramsey Sound Farm,60.904774,-52.92563,25.550125,0.7937326388888889,169.20758680555556,100.15696180555555,6.95732
CYM_Farm_S_2026-06-10_08-00_goldsinnys00004265_track_manual_86-314_20260826_160036,Ramsey Sound Farm,54.264893,-11.499428,-32.81196,37.81043402777778,139.13270833333334,186.49538194444443,8.454758
CYM_Farm_S_2026-06-10_08-00_goldsinnys00004765_track_manual_17-243_20260826_160303,Ramsey Sound Farm,57.491104,-43.306564,17.301178,41.49060763888889,157.0548263888889,107.27994791666667,7.26506
CYM_Farm_S_2026-06-10_14-00_dragonetseagooseberry00003130_track_manual_69-259_20260826_160452,Ramsey Sound Farm,61.55924,-54.430573,28.385574,0.8095659722222223,171.38567708333332,96.36605902777778,6.781349
CYM_Farm_S_2026-06-12_11-00_crabwrasse00000465_track_manual_474-639_20260828_093947,Ramsey Sound Farm,61.174732,-53.073105,25.820847,0.9338541666666667,169.98388888888888,100.34529513888889,7.388032
CYM_Farm_S_2026-06-12_11-00_crabwrasse00000465_track_manual_495-624_20260828_094150,Ramsey Sound Farm,61.650253,-53.40957,25.979538,0.8702256944444444,171.36739583333335,101.18586805555556,7.439806
CYM_Farm_S_2026-06-13_14-00_moonjelly00009000_track_manual_24-204_20260828_094506,Ramsey Sound Farm,60.80627,-53.056633,26.084763,0.8772048611111111,168.86149305555554,98.83513888888889,7.149674
CYM_Farm_S_2026-06-14_14-00_wrasse00004650_track_manual_36-243_20260828_094655,Ramsey Sound Farm,60.576496,-53.383087,27.264893,0.9539409722222222,168.26758680555557,95.99001736111111,6.594277
CYM_Farm_S_2026-06-15_08-00_wrasse00007270_track_manual_86-353_20260828_094841,Ramsey Sound Farm,57.64919,-19.212257,-28.503838,12.055572916666666,151.21772569444445,188.0537326388889,12.753173
EXO_3_2023-07-23_seal,Freshwater West,62.92434,-59.002464,40.541077,11.714878472222223,175.90168402777778,75.21446180555556,2.063495
KEL33_2026-04-23_08-01_velvetcrab_track_manual_0-696_20260629_112902,,52.850464,-17.5158,13.618088,102.30581597222222,134.43675347222222,102.86744791666666,55.434998
KEL33_2026-04-23_08-01_velvetcrab_track_manual_162-376_20260706_101032,,53.240177,-17.10965,12.3858185,102.97885416666666,135.34293402777777,106.03246527777777,17.223121
KEL33_2026_04-11_11-01_twostarandcrab_track_manual_0-738_20260629_112651,,47.677044,-9.959198,-10.704079,78.87137152777778,119.40092013888889,132.00616319444444,63.27169
KEL33_2026_04-11_11-01_twostarandcrab_track_manual_0-738_20260629_112752,,47.677044,-9.959198,-10.704079,78.87137152777778,119.40092013888889,132.00616319444444,63.27169
KEL33_2026_04-15_14-01_twospotgobyandstar_track_manual_0-84_20260629_112557,Kelp Crofters,48.701607,-8.638092,-7.637398,89.56137152777778,120.8721875,128.75890625,6.683546
KEL33_2026_04-28_08-01_goldsinny_track_manual_0-193_20260629_112409,,47.58647,-15.753075,10.749237,88.31427083333334,120.96463541666667,95.25767361111112,15.823808
KEL33_2026_05-01_14-01_wrasse_track_manual_0-222_20260629_112318,,53.569164,-19.561668,21.976135,103.6081423611111,137.94913194444445,90.0338888888889,18.713043
KEL33_2026_05-06_08-01_urchin_track_manual_0-325_20260629_112136,,43.766796,-14.110031,-0.30859375,70.08928819444445,112.16246527777778,106.44416666666666,21.778361
KEL37_2026_04_05_14-01_bird_track_manual_0-115_20260629_111920,Kelp Crofters,49.77809,-10.520592,-2.1664047,91.60881944444445,125.84802083333334,124.95873263888889,8.441128
KEL37_2026_04_09_14-01_spidercrab_track_manual_0-435_20260629_111810,,43.422016,-4.653801,-17.675262,69.74534722222222,108.51883680555555,136.09276041666666,22.322904
KEL37_2026_04_14_14-01_stickleback_track_manual_0-336_20260629_111708,,36.32732,-7.839409,-2.343422,67.59295138888889,90.87779513888889,91.25939236111111,36.414674
KEL37_2026_05_10_11-01_twospotgoby_track_manual_9-422_20260629_111604,,38.57179,-17.434273,12.293854,64.15637152777778,100.21203125,71.24513888888889,37.776711
KEL37_2026_05_12_11-01_twocrab_track_manual_12-539_20260629_111454,,40.76807,-14.288139,5.0466003,72.17361111111111,103.6809375,89.19659722222222,37.207283
META_2023-10-01-BRUV1_EXOMATT_D1_OCT23 (5)_trackmanual_1_0-496_20260619_171422,East Pickard Bay,43.48763,-35.77529,15.853577,18.81987847222222,116.96324652777778,75.63491319444445,13.737556
META_2023-10-01-BRUV1_EXOMATT_D1_OCT23 (5)_trackmanual_2_0-8569_20260619_171646,East Pickard Bay,41.048374,-9.815033,-20.39,34.76696180555555,103.04440972222223,130.14263888888888,33.330561
META_2023-10-01-BRUV1_EXOMATT_D1_OCT23 (5)_trackmanual_3_0-15726_20260619_171827,East Pickard Bay,41.61018,-15.842468,-17.49054,18.062170138888888,106.74454861111111,126.76914930555556,32.327127
META_2023-10-01-BRUV1_EXOREEF_D1_OCT23 (2)_track_manual_8470-9020_20260625_151142,East Pickard Bay,38.923027,-21.616722,-11.023628,4.428888888888889,102.02102430555556,109.27789930555555,54.913475
NORF-1_2026-06-11_17-01_track_manual_7875-8180_20260825_144726,Blakeney Overfalls,60.51967,-37.787033,-4.2117157,0.8396875,164.10368055555554,152.9921875,27.496574
NORF-1_2026-06-13_08-01_track_manual_1178-1599_20260825_143459,Blakeney Overfalls,61.18123,-32.98295,-12.525017,0.8495138888888889,164.63623263888888,169.505,27.968275
NORF-1_2026-06-13_11-01_track_manual_9473-9601_20260825_144346,Blakeney Overfalls,62.56196,-63.134407,53.776413,0.46671875,176.05479166666666,42.07513888888889,5.953915
NORF-1_2026-06-13_14-01_track_manual_1709-1859_20260825_143225,Blakeney Overfalls,61.4136,-36.95809,-6.372658,0.5627777777777778,166.31618055555555,159.18163194444443,8.616077
NORF-1_2026-06-13_17-01_track_manual_1967-2255_20260825_142757,Blakeney Overfalls,61.491688,-34.377327,-10.553436,0.8270138888888889,165.80798611111112,166.76519097222223,19.100378
NORF-1_2026-06-14_08-01_track_manual_4636-4831_20260825_143019,Blakeney Overfalls,61.5324,-40.529198,-0.4921875,0.71171875,167.6328472222222,148.97131944444445,15.343739
NORF-1_2026-06-14_11-01_track_manual_5626-5867_20260825_142407,Blakeney Overfalls,62.483624,-62.735504,52.39789,0.47692708333333333,175.74272569444443,45.83416666666667,6.375516
NORF-1_2026-06-14_17-01_track_manual_9656-9757_20260825_141949,Blakeney Overfalls,61.301323,-37.054962,-6.093544,0.6694097222222222,166.10057291666666,158.40744791666665,14.909276
NORF-1_2026-06-15_08-01_track_manual_6252-6582_20260825_141609,Blakeney Overfalls,44.821537,-39.37113,14.729507,0.9605034722222222,122.16442708333334,80.764375,34.632399
NORF-1_2026-06-15_17-01_track_manual_228-542_20260825_140530,Blakeney Overfalls,63.33492,-46.08847,8.036072,0.6487326388888889,174.044375,138.29821180555555,21.620504
NORF-1_2026-06-16_08-01_track_manual_8543-9030_20260825_141208,Blakeney Overfalls,34.147106,-29.21946,5.5018005,0.8952430555555555,92.29414930555555,71.36173611111111,51.267119
NORF-1_2026-06-18_08-01_track_manual_8075-8405_20260825_151036,Blakeney Overfalls,48.940117,-42.370644,16.221725,0.7941840277777777,133.82895833333333,87.96668402777777,34.9116
NORF_2025-10-02_09-00-47_trackmanual_1_0-276_20260619_152957,Blakeney Overfalls,54.061626,-37.92785,1.8671722,0.16567708333333334,147.19204861111112,126.55552083333333,12.640413
OYS_2025-09-17_13-00-53_track_manual_347-752_20260622_105022,Veerse Meer,50.82687,-35.569443,48.510345,81.16682291666666,138.98868055555556,24.40388888888889,22.734485
OYS_2025-09-17_13-00-53_track_manual_347-752_20260622_105025,Veerse Meer,50.82687,-35.569443,48.510345,81.16682291666666,138.98868055555556,24.40388888888889,22.734485
OYS_2025-09-17_13-00-53_track_manual_347-752_20260622_105031,Veerse Meer,50.82687,-35.569443,48.510345,81.16682291666666,138.98868055555556,24.40388888888889,22.734485
OYS_2025-09-17_13-00-53_track_manual_361-712_20260622_102648,Veerse Meer,50.78623,-35.570732,48.46817,81.04743055555555,138.89902777777777,24.391631944444445,19.756196
OYS_2025-09-17_13-00-53_track_manual_361-712_20260622_102653,Veerse Meer,50.78623,-35.570732,48.46817,81.04743055555555,138.89902777777777,24.391631944444445,19.756196
OYS_2025-09-17_13-00-53_track_manual_43-186_20260622_110608,Veerse Meer,50.959637,-35.54297,48.632385,81.66368055555556,139.3061111111111,24.450243055555557,8.093777
OYS_2025-09-17_13-00-53_track_manual_59-160_20260622_115209,Veerse Meer,50.86129,-35.524323,48.518387,81.40701388888888,139.0472048611111,24.491805555555555,5.735787
OYS_2025-09-17_13-00-53_trackmanual_1_0-197_20260622_093334,Veerse Meer,50.905636,-35.543076,48.553467,81.51076388888889,139.16559027777777,24.53887152777778,7.333653
OYS_2025-09-17_13-00-53_trackmanual_3_0-606_20260622_092954,Veerse Meer,50.826298,-35.640015,48.47896,80.96932291666667,139.02598958333334,24.485538194444445,9.602911
OYS_2025-09-21_13-00-53_trackmanual_1_0-567_20260622_090657,Veerse Meer,50.329353,-27.746246,50.28775,97.99024305555555,134.97960069444446,16.69484375,10.890873
OYS_2025-09-25_10-00-52_trackmanual_19_0-920_20260619_174043,Veerse Meer,50.85621,-35.768127,47.960724,80.22644097222222,139.1806076388889,26.167604166666667,13.763898
OYS_2025-09-25_10-00-52_trackmanual_21_0-1388_20260619_174407,Veerse Meer,50.258408,-35.989967,47.8826,78.22564236111111,137.71385416666666,24.40470486111111,12.907971
OYS_2025-10-07_16-00-54_trackmanual_16_0-201_20260619_173702,Veerse Meer,49.52577,-32.050934,5.5670166,42.819149305555555,135.75967013888888,111.52555555555556,8.02744
OYS_2025-10-07_16-00-54_trackmanual_18_0-694_20260619_173835,Veerse Meer,49.605877,-32.198906,6.960556,45.78262152777778,135.89788194444444,109.20722222222223,15.073819
PROJSG_2025-05-15_15-00-40_trackmanual_14_0-135_20260619_173457,Dale Bay,57.07618,-32.18445,29.032425,88.67178819444445,150.71920138888888,84.59130208333333,10.551408
PROJSG_2025-05-15_15-00-40_trackmanual_15_0-320_20260619_173544,Dale Bay,54.229176,-32.282013,30.205917,82.07901041666666,143.2704861111111,75.48977430555556,14.48007
PROJSG_2025-05-19_12-00-40_trackmanual_13_0-141_20260619_173307,Dale Bay,60.226273,-53.357758,37.59395,33.63569444444445,167.14927083333333,74.33480902777778,10.482253
PROJSG_2025-05-20_09-00-40_trackmanual_11_0-158_20260619_173116,Dale Bay,57.774784,-48.252777,33.238876,46.13763888888889,159.23125,77.82197916666667,9.435627
PROJSG_2025-05-20_09-00-40_trackmanual_12_0-604_20260619_173209,Dale Bay,57.567905,-48.300484,32.98558,44.944270833333334,158.68902777777777,77.87699652777778,9.390075
PROJSG_2025-05-23_09-00-41_trackmanual_10_0-119_20260619_172810,Dale Bay,55.403862,-37.95903,24.992859,64.9578125,149.654375,88.27001736111112,10.218227
PROJSG_2025-05-23_15-00-39_trackmanual_8_0-385_20260619_172552,Dale Bay,59.669334,-54.405518,36.440002,18.973055555555554,165.66715277777777,74.85704861111111,12.720504
